,name,doctor,funding_employees_ratio,has_super_founder,has_strong_founder,growth_stage_num,target,pca_0,pca_1,pca_2,pca_3
0,Healthcardionexion.com,0,0.0,0,0,1.0,1,-0.16793496546377798,-0.11765145771904596,-0.1264096425122322,-0.13384439444810253
1,4P Pharma,0,38994.8,0,0,3.0,1,-0.0871024552298689,-0.07457226671598442,0.020629405822745788,-0.04529611125900731
2,AFYREN,1,777777.7777777778,0,0,2.0,1,1.753060819647884,-0.6292457252777884,0.33176257248053376,-0.2717482588348233
3,Abbelight,1,183333.33333333334,0,0,2.0,1,0.7372784775416413,-0.5659385485675723,0.7019157916564241,-0.042925324099587235
4,AblaCare,0,2000000.0,0,0,1.0,1,-0.10167771697779943,-0.21758769225268942,0.012852614927664527,-0.01886194497246895
5,Acklio,0,99999.95,0,0,2.0,1,-0.05572676178457808,-0.05714936804579372,-0.3939065308830036,0.7213311597272006
6,Actronika,0,157667.1875,0,0,2.0,1,0.11284461258925332,0.6893410908330578,-0.07235131131760761,0.7993525652632405
7,Acubens,0,25000.0,0,0,1.0,1,-0.05664262049525811,-0.39796464275363497,0.6169627098538919,0.07775232800169701
8,Addidream,0,0.0,0,0,1.0,1,-0.16793496546377798,-0.11765145771904596,-0.1264096425122322,-0.13384439444810253
9,AddUp,0,0.0,0,0,3.0,1,-0.17721802116092933,-0.11708644873463202,-0.12504041843652888,-0.13463419215202632
10,AddUp,0,0.0,0,0,3.0,1,-0.17721802116092933,-0.11708644873463202,-0.12504041843652888,-0.13463419215202632
11,Adionics,0,266666.6666666667,0,0,2.0,1,0.48843265156238697,-0.22095383947587136,-0.19423299607608,-0.25397719498779564
12,Acs Biotech,0,443333.3333333333,0,0,1.0,1,0.056886210043513706,-0.3604542760616599,0.7909140843184284,0.13469699070591304
13,Aenitis,0,496967.4375,0,0,2.0,1,-0.03308542130507928,-0.5011416647823639,0.7422876023948889,0.19690791046077938
14,AFULudine,1,133333.33333333334,0,0,1.0,1,-0.16964993618879337,-0.11900655086400075,-0.13136945639184383,-0.12652649204184413
15,AgenT,0,2488.5698324022346,0,0,3.0,1,0.0032155287026325967,-0.48759494208472276,0.8103318163529083,0.18329105152925435
16,APSI 3D,0,750000.0,0,0,1.0,1,-0.16921285172923078,-0.11855648970716441,-0.12760323168708795,-0.1354909670866122
17,Air-Serenity,0,97106.0,0,0,1.0,1,-0.12551349777841175,-0.17286805186324683,-0.035645250435399754,-0.07942408382451444
18,Air-Lynx,0,107142.85714285714,0,0,2.0,1,-0.004500844560375825,0.4605869113809714,-0.05258908044015817,0.149310246142314
19,AirMems,0,0.0,0,0,1.0,1,-0.18043011603858522,-0.12595572606609803,-0.1479001515750573,-0.12568570207305174
20,Airthium,0,13636.25,0,0,1.0,1,1.2458736288175902,-0.2794891059883337,-0.33923258200462675,-0.3909386891215216
21,Ajelis,0,0.0,0,0,1.0,1,-0.15531399248660477,-0.12819899687811825,-0.14045592349530617,-0.1524886351273321
22,Akheros,0,0.0,0,0,1.0,1,-0.05813736756063411,-0.05762865102480259,-0.39952404266883024,0.7289023425091171
23,Akryvia,0,150000.0,0,0,1.0,1,-0.16793496546377798,-0.11765145771904596,-0.1264096425122322,-0.13384439444810253
24,Aledia,1,939671.1702127659,0,0,3.0,1,-0.1718278691155083,-0.12040897725708628,-0.1300593310871379,-0.1389087014809378
25,Algodone,0,76923.07692307692,0,0,2.0,1,-0.05125013537452567,0.5109797922923078,0.10480741880943556,-0.20027162721823025
27,Alizé Pharma,0,0.0,0,0,2.0,1,-0.16793496546377798,-0.11765145771904596,-0.1264096425122322,-0.13384439444810253
29,Alsid,0,193333.33333333334,0,0,3.0,1,-0.07822067851149776,0.5094083106927424,0.0631337169389885,-0.11384499405293544
31,ALZOHIS,0,4166.666666666667,0,0,2.0,1,1.0451985474710954,-0.2998288619738403,-0.11302809175099739,-0.31387063324095626
32,Amoneta Diagnostics SAS,0,35714.28571428572,0,0,1.0,1,-0.16793496546377798,-0.11765145771904596,-0.1264096425122322,-0.13384439444810253
33,Amypore,0,38994.8,0,0,1.0,1,-0.17086128959071922,-0.10752130673028212,-0.10917146834890519,-0.13913687304683642
35,Apix Analytics,0,795238.0952380953,0,0,2.0,1,-0.15050669722746662,0.03537728324738735,-0.11493645757650259,0.04354230061299675
36,Anatoscope,0,3888.8888888888887,0,0,2.0,1,-0.06500981748172945,-0.056584359061379784,-0.39253730680730037,0.7205413620232768
37,Angus.AI,0,71428.57142857143,0,0,1.0,1,-0.01504507981913139,1.0605596510446331,0.12001067334144395,0.36237406901004543
38,Antabio,1,1653515.142857143,1,1,2.0,1,-0.05372038630051483,-0.5179877743064063,0.8310356940741377,0.1668313043493631
39,Antescofo,0,210526.31578947368,0,0,2.0,1,-0.1770658546142778,-0.12330526114109379,-0.13861095213689448,-0.1344774297118061
40,Anywaves,0,0.0,0,0,2.0,1,-0.1818243049554898,-0.12693978322784955,-0.14932355397940936,-0.12727103359332184
42,Apizee,0,32258.064516129034,0,0,2.0,1,0.09534376250925339,1.7183598778624092,0.3557539661372746,-0.242031544639704
43,Aqemia,0,133333.33333333334,1,1,2.0,1,0.7324767372714164,-0.6439299279584547,0.9709204542470868,0.07275106796258728
44,Argosim,0,100000.0,0,0,1.0,1,0.05331676664428188,0.8422350732969542,0.09841180357994242,-0.07373525834357567
45,Armor,0,9372.067010309278,0,0,3.0,1,-0.12064628889234519,-0.04718113982799763,-0.12454785815929893,-0.032796869497702365
46,Arskan,0,38994.8,0,0,3.0,1,-0.16793496546377798,-0.11765145771904596,-0.1264096425122322,-0.13384439444810253
47,Arskan,0,38994.8,0,0,3.0,1,-0.16793496546377798,-0.11765145771904596,-0.1264096425122322,-0.13384439444810253
48,Astraveus,0,490733.6,0,0,1.0,1,-0.053039401292380536,-0.43756273730958417,0.7756320858004105,0.10535558284147115
49,Augment,0,559943.125,1,1,2.0,1,0.005772773338193421,1.524191591315888,0.3462373409228153,-0.13792248201387566
50,Autokab,0,0.0,0,0,1.0,1,0.04887658588363737,0.12117959847881161,-0.39189953661514637,0.7660567932979825
51,Aveine,0,10000.0,0,0,1.0,1,-0.17395154387635742,-0.11394934834025894,-0.1292746945320278,-0.14378816839636027
52,Avril,0,38994.8,0,0,4.0,1,-0.1373811211246091,-0.12724001394337764,-0.1159115843461406,-0.1304739061093763
53,AYKOW,0,38994.8,0,0,3.0,1,-0.16793496546377798,-0.11765145771904596,-0.1264096425122322,-0.13384439444810253
54,Ayni,0,38994.8,0,0,2.0,1,-0.16793496546377798,-0.11765145771904596,-0.1264096425122322,-0.13384439444810253
55,Babyprogress,0,0.0,0,0,1.0,1,-0.12494095428575407,-0.13055044028293686,-0.022292385308759294,-0.046314092326054275
56,Balyo,0,61349.69325153374,0,0,3.0,1,0.0009983293723519696,0.21097316680510914,-0.13746776051721749,-0.03898274708237028
57,Beam,0,38994.8,0,0,1.0,1,-0.1808862021029145,0.026385357369918976,-0.12941910161588854,-0.14513182123039164
58,BeeBryte,0,92592.5925925926,1,1,2.0,1,2.3216337812844086,-0.010983595384731783,-0.5900564710372335,-0.45039961652996807
59,BIOMAE,0,283333.3333333333,0,0,1.0,1,-0.16793496546377798,-0.11765145771904596,-0.1264096425122322,-0.13384439444810253
60,BioMathematica,0,68181.5,0,0,1.0,1,-0.007774854392375991,-0.3284223417686051,0.8234949302199608,0.303151513961945
62,Biomodex,0,457002.4324324324,0,0,2.0,1,-0.15237474451684854,-0.18212575327759334,-0.009583798070387384,-0.04749551666858038
63,Biophytis,0,94545.44,0,0,2.0,1,-0.013730113914623391,-0.43411970425944774,0.8589287799059239,0.16044130857859387
64,Biosency,0,143750.0,0,0,2.0,1,-0.10309250380613043,0.0850967334360933,-0.1027927733450852,0.06731886964672545
65,Bioserenity,0,553333.3333333334,1,1,3.0,1,0.05325289396232536,-0.06959661339954597,0.23363475060174207,0.36036118972301334
66,SAS BIOSPEEDIA,0,25000.0,0,0,1.0,1,-0.12825125869880252,-0.10109703984798768,-0.0822069784584096,-0.14275742089390592
67,Blazar,0,0.0,0,0,1.0,1,-0.020688463410184127,0.5942797111768056,0.12634573515896846,-0.17050690418264378
68,Bleckwen,0,230769.23076923078,0,0,2.0,1,-0.18069368231895486,-0.09849880076957332,-0.12010161211720971,-0.12626338040235294
69,Bluescop,0,0.0,0,0,1.0,1,-0.16793496546377798,-0.11765145771904596,-0.1264096425122322,-0.13384439444810253
70,Bonetag,0,38994.8,0,0,3.0,1,-0.16793496546377798,-0.11765145771904596,-0.1264096425122322,-0.13384439444810253
71,BrainEver,0,666666.6666666666,0,0,2.0,1,-0.05664262049525811,-0.39796464275363497,0.6169627098538919,0.07775232800169701
72,BrainPlotting,0,38994.8,0,0,3.0,1,-0.13451868993256552,-0.10451198167234621,0.05357522474006404,-0.07634130787752237
73,Braintale,0,0.0,0,0,1.0,1,-0.17433437858476478,-0.11519533423339805,-0.03813212421657914,-0.09314162282211348
74,BrainVectis,0,200000.0,0,0,1.0,1,-0.05186716338681008,-0.4475268589301533,0.9594608206215054,0.17890032982605705
75,C4Diagnostics,0,238068.125,0,0,2.0,1,-0.1294808089063276,-0.1010854034168543,-0.07480612829044914,-0.14622227050020048
76,CAILabs,0,309629.6296296296,1,1,3.0,1,-0.18247694275521018,-0.12754756758736188,-0.14985460244442209,-0.12726918631539413
77,Calixar,1,486111.1111111111,0,0,1.0,1,0.11769094710891673,0.2950762694509643,0.873647539895885,0.04757997010772464
78,CallDesk,0,72413.79310344828,0,0,2.0,1,-0.09984399191639365,0.5133059745164199,0.09719247758677169,-0.2336791550821895
79,Cardiawave,0,659239.3181818182,0,0,2.0,1,0.6569027946660394,-0.3857733910745214,0.15839127323098823,-0.04868322550903368
80,CardioLogs,0,385471.3703703704,1,1,3.0,1,1.2377923536894277,-0.14244322826946346,0.14798915645958932,0.12098576495468241
81,Cartesiam,0,0.0,0,0,2.0,1,-0.16793496546377798,-0.11765145771904596,-0.1264096425122322,-0.13384439444810253
82,Carthera,0,1225000.0,0,0,2.0,1,-0.15432612476146365,-0.23161138760188804,0.1105907392899777,0.031080299509906602
83,Case Law Analytics,0,142857.14285714287,0,0,2.0,1,-0.16793496546377798,-0.11765145771904596,-0.1264096425122322,-0.13384439444810253
84,Celescreen,0,0.0,0,0,4.0,1,-0.16984800194922564,-0.2040250864208217,0.10440827760104997,-0.08554828057515107
85,CELL-EASY,0,0.0,0,0,2.0,1,-0.16793496546377798,-0.11765145771904596,-0.1264096425122322,-0.13384439444810253
86,Cellectis,0,123404.25531914894,0,0,3.0,1,0.010050343083050512,-0.52016832010981,1.3543858256857433,0.28317169976308687
87,Celloz,0,500000.0,0,0,1.0,1,-0.16793496546377798,-0.11765145771904596,-0.1264096425122322,-0.13384439444810253
88,Celloz,0,500000.0,0,0,1.0,1,-0.16793496546377798,-0.11765145771904596,-0.1264096425122322,-0.13384439444810253
89,CerbAir,0,300000.0,1,1,2.0,1,-0.1812851113702745,-0.1021132327896225,-0.1830662628431127,-0.11360676149106197
90,Ciloa SAS,0,38994.8,0,0,3.0,1,-0.16793496546377798,-0.11765145771904596,-0.1264096425122322,-0.13384439444810253
91,Cinequant,0,38994.8,0,0,1.0,1,-0.15387505020975473,0.1334973773119595,-0.11828689028426384,0.09391531820580842
93,CLINIFIT,0,38994.8,0,0,3.0,1,-0.16793496546377798,-0.11765145771904596,-0.1264096425122322,-0.13384439444810253
94,Cliris,0,0.0,0,0,2.0,1,-0.17150844296550627,-0.1101699616455818,-0.1354362873193306,-0.1098534829820608
95,ClosyCom,0,38994.8,0,0,1.0,1,-0.16793496546377798,-0.11765145771904596,-0.1264096425122322,-0.13384439444810253
96,Cogniteev,0,19696.966666666667,0,0,2.0,1,0.05122003435807187,1.6071781433414574,0.14236142962711096,0.242564198175045
97,Copeeks,0,0.0,0,0,1.0,1,-0.03311250165818934,-0.06869173165128604,-0.4012010835777401,0.757791838634392
98,Cornis,0,0.0,0,0,2.0,1,-0.12995623608237666,-0.015044815610597905,-0.13173083949454933,0.03596692146584276
100,Cosmian,0,175000.0,0,0,1.0,1,-0.12502106816479827,0.21258789347584464,-0.10409547746058757,0.03384222447292672
101,Craft AI,0,95238.09523809524,0,0,2.0,1,-0.0595430736851239,0.578463440663976,0.0694644395801579,-0.20490936486004777
102,Crosslux,0,38994.8,0,0,2.0,1,-0.12091783043493208,-0.12721912569009597,-0.15891412905191912,-0.13533942931695925
103,CryoCapCell,0,214285.7142857143,0,0,1.0,1,-0.0332238021695098,-0.40113994241810186,0.6598496794736243,0.12477625714462609
104,CybelAngel,0,382113.8211382114,1,1,3.0,1,0.19988823429081015,1.7781585581946748,0.3520104592944726,0.2743967352059833
105,CybeleTech,0,0.0,0,0,2.0,1,-0.03527801583498289,-0.03219846266539462,-0.4146731866343137,0.8099407273794891
106,Cyber-Detect,0,0.0,0,0,1.0,1,-0.16793496546377798,-0.11765145771904596,-0.1264096425122322,-0.13384439444810253
107,Cysalys,0,0.0,0,0,1.0,1,-0.05572676178457808,-0.05714936804579372,-0.3939065308830036,0.7213311597272006
108,DAMAVAN IMAGING,0,8333.333333333334,0,0,1.0,1,-0.16907559950338025,-0.13133109711984023,-0.10286311980320025,-0.1201949806263772
109,Datadome,0,72916.66666666667,0,0,2.0,1,-0.17669971464686055,-0.010104123996450796,-0.124770567220545,-0.07229867853320597
110,DATEXIM,0,0.0,0,0,1.0,1,-0.16793496546377798,-0.11765145771904596,-0.1264096425122322,-0.13384439444810253
111,DAUMET,0,0.0,0,0,1.0,1,-0.05693986913011391,-0.05188240913477252,-0.4033451779112407,0.7636436049788099
112,Dawex,0,185490.19607843139,0,0,3.0,1,0.2167251797817207,1.5365354776351268,0.030178049338035556,1.008936042006444
113,Deepomatic,0,171328.66666666666,1,1,2.0,1,0.01625319023982418,0.3175962031017951,-0.5114001733858222,1.2264415036720526
114,DeepOR,0,343939.3333333333,0,0,1.0,1,0.1350258826088243,1.164694527261644,0.42365573273400686,0.010826989593383648
115,Defymed,0,364285.71428571426,0,0,2.0,1,-0.1362146396226713,-0.1491092177234262,-0.042741461579774896,-0.04678846742471882
116,Delair,0,290366.3432835821,1,1,3.0,1,0.013515370076164558,-0.019580464052261465,-0.5073838255084211,0.8996237974917746
117,Delled,0,0.0,0,0,1.0,1,-0.16793496546377798,-0.11765145771904596,-0.1264096425122322,-0.13384439444810253
119,Demeta,0,267222.22222222225,0,0,2.0,1,-0.016192315168970673,-0.1298728423343433,-0.09523470021723605,-0.08689173894601802
120,Depixus,0,190357.14285714287,1,1,2.0,1,-0.04960434821532178,-0.4684105452466479,0.9016335667681036,0.12514145152547765
121,Devialet,0,474779.1379310345,1,1,3.0,1,-0.13990023672877347,-0.07099731217718912,-0.10608288224955346,-0.05797004070400688
122,Diabeloop,0,754235.7014925373,0,0,3.0,1,1.107324894354173,-0.47027759547306525,0.13617768092745505,-0.012294280343256166
123,Diafir,0,0.0,0,0,1.0,1,-0.0497254539838843,-0.10073030568417514,0.220469898216335,0.18361813591355627
124,Diamidex,0,131818.18181818182,0,0,2.0,1,-0.16793496546377798,-0.11765145771904596,-0.1264096425122322,-0.13384439444810253
125,Diamlite,0,100000.0,0,0,1.0,1,-0.04913465171557844,-0.3497504601256879,0.6664409799802551,0.09847462693351612
126,Dianosic,0,200000.0,1,1,1.0,1,-0.16793496546377798,-0.11765145771904596,-0.1264096425122322,-0.13384439444810253
127,Dibotics,0,38994.8,1,1,1.0,1,-0.11799799221238204,0.09749371265988278,-0.1654233330403326,0.12881020810879715
128,Digeiz,0,38994.8,0,0,1.0,1,-0.14937005246841434,0.03510725641299318,-0.11386091848658393,0.043009194395036913
129,Dilepix,0,0.0,0,0,2.0,1,-0.033828971577481375,-0.06960279254000205,-0.40884247986191835,0.776532167600269
130,DiogenX,0,38994.8,0,0,1.0,1,-0.15937963744479264,-0.12688355272328738,-0.1094952917251166,-0.10928321721898376
131,DocTrackr,0,1800000.0,0,0,1.0,1,-0.1867123936220952,-0.08403675960153413,-0.15788142818113712,-0.09708948121627745
132,DreamQuark,1,519251.32352941175,0,0,2.0,1,0.20958512005389632,0.31944905036673027,0.05457176302443831,1.6299493057970036
133,Dreem,0,309764.3037037037,1,1,3.0,1,-0.1549864597924607,-0.10216849723938602,-0.10013552384307092,-0.12386550786408233
134,Dynacure,0,4850000.0,0,0,2.0,1,-0.058634514055019446,-0.40601893873339806,0.6303526183091038,0.08025470854675784
135,Earthcube,0,58823.529411764706,0,0,3.0,1,-0.02030248224281932,0.05892409937155676,-0.42979674841840276,0.9829441943014342
136,ECHY,0,5000.0,0,0,1.0,1,-0.03830027491597259,0.01101406795054015,-0.37679347834189936,0.7618363844721066
137,Eco-adapt,0,0.0,0,0,1.0,1,-0.1717999158145798,-0.11988910707172122,-0.1299183946062468,-0.13854940822310177
138,Eco-adapt,0,0.0,0,0,1.0,1,-0.1717999158145798,-0.11988910707172122,-0.1299183946062468,-0.13854940822310177
139,Ecoat,0,125000.0,0,0,2.0,1,0.7373032640969427,0.39695232569143657,0.12247412160907241,-0.26834368089457256
140,Elichens,1,470588.23529411765,1,1,2.0,1,2.2819282142993425,0.5146545650405702,-0.6175377684574443,0.6043159068581585
141,Elistair,0,111379.31034482758,0,0,2.0,1,-0.15038159795240513,0.24023326544939275,-0.14234552476073997,0.05712701812989162
142,CellProthera,0,442105.2631578947,0,0,2.0,1,-0.047956896434588434,-0.4357656030004718,0.7015370242515047,0.12954072231843927
143,Elum Energy,0,0.0,0,0,2.0,1,1.531631177974243,-0.050282800641323455,-0.6470262484237719,0.5081226401827615
144,Elvesys,1,23809.52380952381,0,0,2.0,1,-0.16793496546377798,-0.11765145771904596,-0.1264096425122322,-0.13384439444810253
145,Elyssamed,0,0.0,0,0,1.0,1,-0.010084464723846283,-0.49567876575290404,1.0051811770084356,0.18658307759287027
147,Enancio,0,12500.0,0,0,1.0,1,-0.13555465717848184,-0.09614264664619789,-0.13627615752275396,-0.17318128908680283
148,Encefa,0,0.0,0,0,1.0,1,-0.16793496546377798,-0.11765145771904596,-0.1264096425122322,-0.13384439444810253
149,Endodiag,0,411580.65,0,0,2.0,1,0.9988075730812581,-0.28211068048450555,-0.17132165727772253,-0.3143844118443558
150,EnerBee,0,247368.42105263157,0,0,2.0,1,-0.08656653364763467,-0.11142957842828571,-0.18365281708189662,-0.12220049403920642
151,Energiency,0,276923.07692307694,0,0,2.0,1,2.1437356104652756,1.034704045043598,-0.24003569124697446,0.5292216340917811
152,Enhancia,0,0.0,0,0,1.0,1,-0.1598334564400697,-0.08401036533418173,-0.12635901367389088,-0.12661414763995213
153,Enobraq,0,193333.33333333334,0,0,2.0,1,1.7388879557283818,-0.6149757214316038,0.3279722187014615,-0.27856322319462895
154,Enyx,0,0.0,0,0,2.0,1,-0.17798836199462775,-0.11161783090084411,-0.1183863536764633,-0.12158031069391814
155,E-Odyn,0,75000.0,0,0,1.0,1,-0.15023924090578472,0.035916663448821225,-0.15029814394604413,0.07050074447151443
156,Eomys,0,38994.8,0,0,3.0,1,-0.16793496546377798,-0.11765145771904596,-0.1264096425122322,-0.13384439444810253
157,E-PHY-SCIENCE,1,17777.777777777777,0,0,1.0,1,0.009213602304661773,0.9688376483605159,0.64651185345371,-0.14125230828379395
158,Ergosup,0,476470.5882352941,0,0,2.0,1,1.6429933589258048,-0.3263278285178007,-0.44810551967822093,-0.50743819171907
159,Erypharm,0,0.0,0,0,2.0,1,-0.05651063860803422,-0.4038357080636414,0.6644673947567126,0.10346566939209145
160,Eshard,0,0.0,0,0,2.0,1,-0.17163725664324048,0.07607349968018988,-0.11022300086252734,-0.08010344559009933
161,ETISENSE SAS,0,0.0,0,0,1.0,1,-0.15641652606113593,-0.13387082482163368,-0.08723656388639728,-0.09521173671559341
162,Euveka,0,0.0,0,0,2.0,1,-0.05572676178457808,-0.05714936804579372,-0.3939065308830036,0.7213311597272006
163,EVaderis,0,250000.0,1,1,1.0,1,-0.16943301175503012,-0.10539664838186368,-0.1216965629543462,-0.12419049552413279
164,ExactCure,0,66681.13333333333,0,0,2.0,1,0.09798705086930845,-0.3926791472245837,0.4402302135599534,0.9873481928005873
165,Exagan,0,172727.27272727274,0,0,2.0,1,-0.12100214633252826,-0.12226263736548679,-0.16230440142136734,-0.12388397927996056
166,Nextbiotix,0,1750000.0,0,0,1.0,1,-0.05664262049525811,-0.39796464275363497,0.6169627098538919,0.07775232800169701
167,Exotrail,0,434625.64705882355,1,1,2.0,1,-0.1714133675906921,-0.12437192351670869,-0.17864493653328717,-0.07799621929626153
168,Expliseat,0,0.0,1,1,2.0,1,-0.17551025719795638,-0.12309891164863236,-0.1482121181996228,-0.1085895320985968
169,Expliseat,0,0.0,1,1,2.0,1,-0.17551025719795638,-0.12309891164863236,-0.1482121181996228,-0.1085895320985968
170,Expressivee,0,0.0,0,0,2.0,1,-0.17560858915453903,-0.1225265938339401,-0.1337400980448084,-0.14318695737202555
171,Extralab,0,0.0,0,0,1.0,1,-0.16793496546377798,-0.11765145771904596,-0.1264096425122322,-0.13384439444810253
173,E-zyvec,0,0.0,0,0,1.0,1,-0.15789034456285578,-0.15200711252853347,0.07850902388056225,-0.10345544774186087
174,Fair&Smart,0,275000.0,0,0,1.0,1,0.06251921023585835,1.1165463960771487,0.32078209841191346,-0.27675844513262404
175,Fairbrics,0,0.0,0,0,1.0,1,-0.16793496546377798,-0.11765145771904596,-0.1264096425122322,-0.13384439444810253
176,Febus Optics,0,0.0,0,0,2.0,1,-0.12995623608237666,-0.015044815610597905,-0.13173083949454933,0.03596692146584276
177,Feroscan,0,117666.66666666667,0,0,1.0,1,-0.16793496546377798,-0.11765145771904596,-0.1264096425122322,-0.13384439444810253
178,Ffly4u,0,184615.38461538462,0,0,2.0,1,-0.17213233400081693,-0.11711489420412621,-0.13080185024821867,-0.12203896588138705
179,Fi2Med,0,38994.8,0,0,2.0,1,-0.16793496546377798,-0.11765145771904596,-0.1264096425122322,-0.13384439444810253
180,FiberMetrix,0,38994.8,0,0,4.0,1,-0.09628360975529615,-0.0030161826849060417,-0.1677485689382072,0.07478738632238302
181,FittingBox,0,61538.46153846154,0,0,3.0,1,-0.14799005844903484,0.4596901875442999,-0.12327998276502228,-0.09593592589406015
182,Fluidion,0,0.0,0,0,1.0,1,-0.13119666967673727,-0.01632103167897247,-0.12831092970560382,0.047596777495756734
183,Foodvisor,0,295187.1176470588,1,1,2.0,1,-0.0857985049580188,-0.04967501542573284,0.025364280793000637,-0.024762636760828176
184,ForCity,0,287500.0,1,1,2.0,1,-0.07675756305126046,0.14386757200590222,-0.12948839620233732,0.11391955171614193
185,Frecnsys,0,0.0,0,0,2.0,1,-0.16793496546377798,-0.11765145771904596,-0.1264096425122322,-0.13384439444810253
186,Freemens SAS,0,0.0,0,0,1.0,1,-0.08785885168941913,-0.10194940028112952,-0.15750160264876054,-0.2003578535344471
188,Genel,0,38994.8,0,0,1.0,1,-0.16793496546377798,-0.11765145771904596,-0.1264096425122322,-0.13384439444810253
189,Genochem,0,0.0,0,0,1.0,1,-0.05852536311144237,-0.4233275780100126,0.671412589490515,0.09019085481408214
190,Genoskin,0,3571.4285714285716,0,0,2.0,1,-0.02086543976112067,-0.4159545886188694,0.7315049695131493,0.08025681326380303
191,Geocorail,0,285714.28571428574,0,0,1.0,1,-0.18990384421878373,-0.07313879526709371,-0.16052818641136246,-0.09754369874525308
193,GeoTwin,0,38994.8,0,0,1.0,1,-0.16793496546377798,-0.11765145771904596,-0.1264096425122322,-0.13384439444810253
194,GlioCure,0,0.0,0,0,1.0,1,-0.16793496546377798,-0.11765145771904596,-0.1264096425122322,-0.13384439444810253
195,Global Sensing Technologies,0,38994.8,0,0,2.0,1,-0.19053691603737788,-0.05598775195762222,-0.16419484808985663,-0.07856600793442554
196,GLOphotonics,0,88000.0,0,0,1.0,1,-0.1797423757889647,-0.12908481284434425,-0.13092960691410752,-0.14565114631595485
197,Orphan Europe SARL,0,38994.8,0,0,4.0,1,-0.15038895688603704,-0.23540121063275687,0.10879571023221918,-0.03505353806674066
198,GRAPHEAL,0,0.0,0,0,1.0,1,-0.015205826673409934,-0.5087456167585419,0.8548239824842784,0.16289788670636363
199,Green Impulse,0,250000.0,0,0,1.0,1,-0.16594965222636524,-0.12198486206235208,-0.12947840070496014,-0.13926674835466005
200,Greenerwave,0,0.0,0,0,2.0,1,-0.1463805763663017,0.05831023540484906,-0.1614878694660761,-0.10171286798938872
201,Greentropism,0,96875.0,0,0,2.0,1,-0.04029851710958058,0.14536337433060723,-0.39933849135727123,0.9805986169122534
202,Gwagenn,0,37500.0,0,0,1.0,1,-0.1803622338122452,-0.11847767522489054,-0.1402055196409696,-0.1374523078054514
203,HalioDx,1,161585.36585365853,1,1,3.0,1,0.29421538004755515,0.9200807851390591,1.5461310217009425,0.28771902764445245
204,Hephaistos-Pharma,0,8333.333333333334,0,0,1.0,1,-0.13126328779866975,-0.18923058175597843,0.16458720342676778,-0.06608397348278892
205,Heuritech,1,85081.96721311475,1,1,3.0,1,-0.004262895824297015,0.6057674549665965,-0.41832681616457956,1.2365098529972942
206,HiFiBiO Therapeutics,1,1696428.5714285714,1,1,3.0,1,-0.15954531098840083,-0.2127775444721247,0.27925735554835623,-0.06674896615060985
207,H-Immune,0,0.0,0,0,1.0,1,-0.16793496546377798,-0.11765145771904596,-0.1264096425122322,-0.13384439444810253
208,HINS,0,0.0,0,0,2.0,1,-0.06333161779556262,0.06067750880555938,-0.12440264824437491,-0.08911876087732062
209,HOOMANO,0,38994.8,0,0,2.0,1,-0.07651161775394269,0.6719530110404287,0.22153171744191488,-0.1833549061135991
210,Horama,0,2038461.5384615385,0,0,2.0,1,0.0064801533455186265,-0.3829426696300907,1.0802271041171532,0.2238671239135057
211,Hprobe,0,142857.14285714287,1,1,2.0,1,-0.10123856524449586,-0.004987545722944938,-0.17526264111818837,0.07406359996919129
212,HydrOcean,0,38994.8,0,0,3.0,1,-0.16793496546377798,-0.11765145771904596,-0.1264096425122322,-0.13384439444810253
213,Hypra,0,0.0,0,0,1.0,1,-0.16793496546377798,-0.11765145771904596,-0.1264096425122322,-0.13384439444810253
214,HySiLabs,0,410000.0,0,0,1.0,1,1.1689248990001857,-0.21479583871067795,-0.6027944130952534,0.5520406419443736
215,Iconeus,0,0.0,0,0,1.0,1,-0.13885172269693755,-0.035242757534056576,0.033761694911512596,0.13937621099616285
216,lex.ec,0,0.0,0,0,2.0,1,-0.007715509659450568,0.8050956179997732,0.1612029386678294,-0.3057724219383588
217,Igyxos,1,1071428.5714285714,0,0,1.0,1,-0.05762729435877634,-0.4535290226143409,0.7640595904074461,0.1084775760827759
218,Iktos,0,0.0,0,0,2.0,1,-0.17001446936613432,-0.1238289393719247,-0.043088285438246846,-0.08974798440941956
219,IMEAN,0,38994.8,0,0,1.0,1,-0.0500726362051351,-0.43348501822237795,0.6805026082661036,0.08731695501775036
220,Imescia,0,0.0,0,0,1.0,1,-0.16793496546377798,-0.11765145771904596,-0.1264096425122322,-0.13384439444810253
221,ImmuSmol SAS (traded as Explicyte Immuno-Oncology),0,38750.0,0,0,1.0,1,-0.13723738386375806,-0.06741571259842434,-0.06420261939244563,-0.01697619996459354
222,Imvitro,0,0.0,0,0,1.0,1,-0.16793496546377798,-0.11765145771904596,-0.1264096425122322,-0.13384439444810253
223,In'Air Solutions,0,0.0,0,0,2.0,1,-0.17186964743585784,-0.12147981054859656,-0.13214606815067623,-0.12683345557591147
224,Inalve,1,114285.71428571429,0,0,2.0,1,-0.013914451193585383,-0.07036710535806835,-0.3886349560136556,0.7343936678752646
225,InHeart,0,38994.8,1,1,2.0,1,-0.17788682657963517,-0.11807956926631187,-0.13744237865340336,-0.13438463422752725
226,INNOSEA,0,0.0,0,0,2.0,1,-0.16793496546377798,-0.11765145771904596,-0.1264096425122322,-0.13384439444810253
227,INNOSEA,0,0.0,0,0,2.0,1,-0.16793496546377798,-0.11765145771904596,-0.1264096425122322,-0.13384439444810253
228,INOREVIA,0,162925.0,0,0,2.0,1,-0.16793496546377798,-0.11765145771904596,-0.1264096425122322,-0.13384439444810253
229,Inotrem,1,3442386.222222222,1,1,2.0,1,0.09636508165953417,-0.6127270038100205,1.3322125160585687,0.37602586148668754
230,Inovactis,0,0.0,0,0,1.0,1,-0.10976854611235987,-0.22200117322150306,0.299608676796869,-0.024118312510512725
231,Inoviem Scientific,0,92857.14285714286,0,0,2.0,1,-0.057580708592831285,-0.40529185960559216,0.6365653092445342,0.08753516138574398
232,InSimo,0,17083.333333333332,0,0,2.0,1,-0.06296232490775783,-0.0557075676194528,-0.4022579102354636,0.7239723040721484
233,Inventiva Pharma,0,20000.0,1,1,3.0,1,-0.028704391219223423,-0.5636426641547209,1.2106298509767703,0.20686395592480591
234,IoTerop,0,166666.66666666666,0,0,1.0,1,-0.16793496546377798,-0.11765145771904596,-0.1264096425122322,-0.13384439444810253
235,IRLYNX,0,142857.14285714287,1,1,2.0,1,-0.16982134879160524,-0.11939067866215579,-0.12908054326522572,-0.13634578461778143
236,Isabo,0,0.0,0,0,2.0,1,-0.16793496546377798,-0.11765145771904596,-0.1264096425122322,-0.13384439444810253
237,I-Sep,0,186500.0,0,0,2.0,1,-0.05651063860803422,-0.4038357080636414,0.6644673947567126,0.10346566939209145
238,iSketchnote,1,41666.666666666664,0,0,2.0,1,-0.121837453929452,0.17854984229353096,-0.15886812947284557,-0.0860540558850344
239,ISORG,0,447058.82352941175,0,0,3.0,1,-0.08446703605585205,-0.07778453901492317,-0.05515243374626062,-1.3279799262818845e-05
240,ISYBOT,0,250000.0,0,0,1.0,1,-0.05572676178457808,-0.05714936804579372,-0.3939065308830036,0.7213311597272006
241,I-Ten,0,1683333.3333333333,0,0,2.0,1,1.2932688323225687,-0.2567663963383411,-0.4410222879799233,-0.4658901747492152
242,Ixaltis,0,4000000.0,0,0,1.0,1,-0.050794649207806866,-0.4174293168165204,0.690631517941116,0.09393523122310934
243,Kalray Sa,0,0.0,0,0,3.0,1,-0.17186964743585784,-0.12147981054859656,-0.13214606815067623,-0.12683345557591147
245,Kapsera.com,0,59848.416666666664,0,0,2.0,1,-0.037736741910363636,-0.436911090316479,0.6633988373770339,0.08547517144801019
246,Kayrros,0,271149.816,1,1,3.0,1,-0.04166814827429279,0.019371409694853268,-0.021419191276156293,0.03808644720949941
247,Kemwatt,0,120000.0,0,0,1.0,1,1.8146635500274562,-0.18846606770589278,-0.3022054133471569,-0.4737011468706114
248,Keranova,1,1076923.076923077,1,1,2.0,1,-0.08949438539587783,-0.2827303833809685,0.15042372764837997,0.06745931474591242
249,Kesitys,0,38994.8,0,0,1.0,1,-0.15536667852863648,-0.10034481246505197,-0.09861476391471924,-0.12024455886827856
250,Kineis,0,4166666.6666666665,0,0,2.0,1,-0.007038842556207195,0.03647629806570797,-0.44050626627434164,0.8646687831066158
251,Kinnov Therapeutics,0,1201340.0,0,0,1.0,1,0.9931358017740861,-0.27729602294675043,-0.1684634974665332,-0.30836556397232207
252,Klearia,0,6250.0,0,0,1.0,1,-0.13658480615398036,-0.10101377511204157,-0.17988959958391745,-0.09678610189155712
253,Krono-Safe,0,79591.83673469388,0,0,2.0,1,-0.06046194280477131,-0.06612544397690308,-0.12550375662366112,0.02234544462250944
254,In’Oya,0,61428.57142857143,0,0,1.0,1,-0.1264686212795231,-0.1741978210986229,-0.035981820351943763,-0.08040214643596015
255,Lactips,0,358047.0909090909,1,1,3.0,1,1.5880321020779888,-0.5146627361996315,0.2706864208761117,1.0821866538473148
256,Lactips,0,358047.0909090909,1,1,3.0,1,1.5880321020779888,-0.5146627361996315,0.2706864208761117,1.0821866538473148
257,Lalilo,0,188571.42857142858,0,0,2.0,1,0.9017152228461288,-0.09765110210472636,-0.26937905610938623,-0.33788553307966723
258,Lamark,0,33333.333333333336,0,0,2.0,1,-0.17723037224051885,-0.11525322994082839,-0.14423948041700083,-0.08174698009989394
259,Lancey,1,513311.73913043475,0,0,2.0,1,1.5947691386753018,-0.3231827911120714,-0.4305908491143447,-0.4896751801944866
260,Ledger,0,435678.391959799,1,1,3.0,1,-0.0934796696872136,0.19393131987169115,-0.19407698338581442,-0.008567312928743062
261,Levels3D,0,71428.57142857143,0,0,2.0,1,-0.05572676178457808,-0.05714936804579372,-0.3939065308830036,0.7213311597272006
262,Lexistems,1,0.0,0,0,1.0,1,-0.06670759525089717,0.543853681247163,0.1058816796602847,-0.17415605433241768
263,LightOn,1,0.0,0,0,2.0,1,-0.17726073001837175,-0.11342798188486898,-0.13357605183612484,-0.14975815341510987
264,LightOn,1,0.0,0,0,2.0,1,-0.17726073001837175,-0.11342798188486898,-0.13357605183612484,-0.14975815341510987
265,Limatech,0,45454.545454545456,0,0,2.0,1,-0.1786853920666832,-0.12533990219923444,-0.1525236354450152,-0.11106432304130597
266,LimFlow,0,1125000.0,0,0,2.0,1,-0.14355014446500372,-0.18627285188047982,0.010258756095714649,-0.030441239880442304
267,Lipofabrik,0,38994.8,0,0,1.0,1,-0.040831812773980666,-0.40616319508451043,0.6483807394424951,0.08056797995847446
268,LKSpatialist,0,84210.52631578948,0,0,2.0,1,-0.04683899385811424,0.6364054099148861,0.05000753553415878,-0.08896472246199516
269,Logpickr,0,0.0,0,0,2.0,1,0.054293504818223225,0.22936913912214532,-0.3849922739274864,0.9579171936139638
270,Lsee / innovation,0,0.0,0,0,1.0,1,-0.16793496546377798,-0.11765145771904596,-0.1264096425122322,-0.13384439444810253
271,Lucine,0,1612.9032258064517,0,0,2.0,1,-0.16793496546377798,-0.11765145771904596,-0.1264096425122322,-0.13384439444810253
273,LXRepair,0,122222.22222222222,0,0,1.0,1,0.230653664506721,1.029473292481383,1.1818243916600104,0.007237648784924311
274,Lybero,0,0.0,0,0,1.0,1,-0.16931259320136327,-0.06506652766852344,-0.1321264354819558,-0.04758347642478241
275,Lyophitech,0,38994.8,0,0,2.0,1,-0.16793496546377798,-0.11765145771904596,-0.1264096425122322,-0.13384439444810253
276,Lytid,1,68510.0,0,0,1.0,1,-0.18859910128569696,-0.1313931610529638,-0.13801739825673354,-0.15946083343943196
277,MaaT Pharma,0,1074074.0740740742,0,0,2.0,1,0.03246898484874405,-0.5567664252071115,1.1434502539880884,0.26671672960685233
278,MAbSilico,0,38994.8,0,0,2.0,1,-0.0291556589532354,-0.4670138645343844,0.8155373420457475,0.1645759746718751
279,MagIA Diagnostic,0,0.0,0,0,2.0,1,-0.16793496546377798,-0.11765145771904596,-0.1264096425122322,-0.13384439444810253
280,MAPPEM Geophysics,0,0.0,0,0,1.0,1,-0.16793496546377798,-0.11765145771904596,-0.1264096425122322,-0.13384439444810253
281,MastOR,0,490000.0,1,1,1.0,1,-0.17051033486288708,-0.11947555327497328,-0.12881957557560203,-0.1371785523990101
282,MATERR'UP,0,0.0,0,0,1.0,1,-0.05572676178457808,-0.05714936804579372,-0.3939065308830036,0.7213311597272006
283,Mathym,0,311111.1111111111,0,0,1.0,1,-0.1506952564247192,-0.1744566044839307,-0.05408032034826885,-0.0663673816488888
284,McPhy Energy,0,292592.5925925926,1,1,3.0,1,1.6680017880036744,-0.34047437269835845,-0.45966427519752934,-0.5176080749568036
285,Medappcare,0,0.0,0,0,1.0,1,-0.10545545249356619,-0.060189519833499946,-0.09139696168370583,-0.05997814683479873
286,MedDay,0,512195.1219512195,0,0,3.0,1,0.22350631675661514,0.8942543169983295,1.4982980177935352,0.12877455759735715
287,MedinCell,0,119122.25517241379,0,0,3.0,1,-0.052600777609856715,-0.4945206715900648,0.8012760107575458,0.15956755024157526
288,Meersens,0,0.0,0,0,2.0,1,-0.0776183906719091,-0.09321177699490817,-0.13240019657056148,-0.041835715785928505
289,M2i Life Sciences,0,1090909.0909090908,0,0,3.0,1,0.5948002414285277,-0.32370844853955844,-0.06915312108213272,-0.16720424225369263
290,Metron,1,139534.88372093023,0,0,3.0,1,-0.07995893756308922,-0.10844968066265188,-0.15646741552119733,-0.06936160650994319
291,Microbs,0,250000.0,0,0,1.0,1,-0.07552988656245721,-0.13021238345873296,-0.14034150609122834,-0.14080797795803712
292,MilliDrop,0,295000.0,0,0,1.0,1,0.07825879395309375,-0.23251271391233128,0.6793734171172536,0.1792922156383994
293,Mipsology,0,0.0,0,0,2.0,1,-0.1808862021029145,0.026385357369918976,-0.12941910161588854,-0.14513182123039164
294,MirSense,0,28338.2,0,0,2.0,1,-0.179088355860309,-0.12917961215501067,-0.1291782237193188,-0.14685826583058617
295,Mistic,0,0.0,0,0,1.0,1,-0.16793496546377798,-0.11765145771904596,-0.1264096425122322,-0.13384439444810253
296,Miuros,0,95238.09523809524,0,0,2.0,1,0.12838364808244115,1.3168034313469947,0.33164417870084567,-0.19687642472872516
297,Mob-Energy,0,210000.0,0,0,1.0,1,-0.16793496546377798,-0.11765145771904596,-0.1264096425122322,-0.13384439444810253
298,Molsid,0,38994.8,0,0,1.0,1,-0.05664262049525811,-0.39796464275363497,0.6169627098538919,0.07775232800169701
299,Moovency,0,0.0,0,0,1.0,1,-0.16793496546377798,-0.11765145771904596,-0.1264096425122322,-0.13384439444810253
300,MORPHOSENSE,0,250000.0,0,0,2.0,1,0.015924593923903854,0.05748590698834618,-0.4352454573089786,0.929962940497686
301,MT-act,0,25000.0,0,0,1.0,1,-0.05767746159091077,-0.3291023335002433,0.20380578202562932,0.03928103908397879
302,Multiposting,0,1609090.0,0,0,1.0,1,-0.14754756816708103,0.124686678200164,-0.11463706651837148,-0.10667970085549193
303,Muquans,0,42417.857142857145,0,0,2.0,1,-0.123768497549344,-0.12187936315406336,-0.178703994828147,-0.1222454449827836
304,My brain,0,0.0,0,0,2.0,1,0.034854902528700875,1.0262865143456377,0.4736705260829659,-0.14592912524377577
305,Mycophyto,1,350000.0,0,0,1.0,1,-0.16921285172923076,-0.11855648970716443,-0.12760323168708798,-0.13549096708661232
306,Myenterix,0,38994.8,0,0,3.0,1,-0.05664262049525811,-0.39796464275363497,0.6169627098538919,0.07775232800169701
307,MyoPowers Medical Technologies,0,2720779.1428571427,0,0,1.0,1,0.18459669157212028,-0.34044851338044413,1.04444013402816,0.5464004705741012
308,Naïo Technologies,0,261972.23684210525,0,0,3.0,1,-0.04860106583819733,-0.0890681446702535,-0.12732901681293893,-0.08059119601818665
309,Nanogen Pharmaceutical Biotechnology,0,38994.8,0,0,3.0,1,-0.04659799959433592,-0.4323202975631225,0.8218813762466863,0.10814127470793859
310,Navee,0,0.0,0,0,1.0,1,-0.14321937304941404,-0.11827285647666391,-0.13802801168559709,-0.12958916514988114
311,Navya,0,249416.34241245137,1,1,3.0,1,1.8411437929209185,0.024487490096255348,-0.5681829857733629,-0.33832423625841185
312,Neoplants,0,0.0,0,0,1.0,1,-0.05664262049525811,-0.39796464275363497,0.6169627098538919,0.07775232800169701
313,NeoVirTech,0,38994.8,0,0,3.0,1,-0.057783254534860364,-0.41164428215442944,0.6405092325629238,0.09140174182342219
314,Neta Tech,0,0.0,0,0,1.0,1,-0.1293918927384048,-0.11477667924878202,-0.058660455749377755,-0.12910800707218056
315,NETRI,0,38994.8,0,0,1.0,1,-0.16793496546377798,-0.11765145771904596,-0.1264096425122322,-0.13384439444810253
316,Neuradom,0,27272.666666666668,0,0,1.0,1,-0.16793496546377798,-0.11765145771904596,-0.1264096425122322,-0.13384439444810253
317,Neurallys,0,0.0,0,0,1.0,1,-0.15580369614350562,-0.177380707286403,0.04997634797431811,-0.02507601452183058
318,Neurophoenix,0,0.0,0,0,1.0,1,-0.05664262049525811,-0.39796464275363497,0.6169627098538919,0.07775232800169701
319,Nextmind,0,696969.6666666666,0,0,2.0,1,-0.0376558050972278,-0.45797872058088457,0.8183790056956735,0.19903696400179635
320,NEXXAI,0,0.0,0,0,1.0,1,-0.14394965108421803,0.09599434782511722,-0.1253179762324248,0.13827670171336745
321,Nixys,0,50000.0,0,0,1.0,1,-0.1443777662735992,-0.22082847974777484,-0.0010847499712351514,-0.014688811989019902
322,Nodea Medical,0,38994.8,0,0,3.0,1,-0.16793496546377798,-0.11765145771904596,-0.1264096425122322,-0.13384439444810253
323,Novadiscovery,0,142432.43243243243,1,1,2.0,1,-0.1508793335242801,-0.10457059927924622,-0.09796391570248812,-0.11287043378968578
324,Novae,0,250000.0,0,0,1.0,1,-0.18154946597679608,-0.1263949085947537,-0.13164494277573568,-0.14992425925612218
325,NovaGray,0,25000.0,0,0,1.0,1,0.037840201762936176,-0.5168792673273795,1.2145621704234117,0.27882012179122206
326,NukkAI,0,164285.7142857143,0,0,1.0,1,-0.17052600157752723,-0.11163569490572854,-0.12903664543754134,-0.11983523515273359
327,Nutri'Earth,0,400000.0,0,0,1.0,1,1.5827254827772121,-0.32071556976553695,-0.42656273458893407,-0.4837266102504533
328,Nyctale,0,333333.3333333333,0,0,1.0,1,-0.02265118188349015,0.6116460850299973,0.10263222868447772,-0.02237313407133614
329,OLENERGIES,0,125000.0,0,0,1.0,1,-0.05572676178457808,-0.05714936804579372,-0.3939065308830036,0.7213311597272006
330,Olikrom,0,307692.3076923077,0,0,2.0,1,-0.057441732509593474,-0.058504461190748515,-0.3988663447626153,0.728649062133459
331,Olvid,0,0.0,0,0,1.0,1,-0.16793496546377798,-0.11765145771904596,-0.1264096425122322,-0.13384439444810253
332,OncoDiag,0,38994.8,0,0,4.0,1,-0.06855561018287001,-0.19772449672322034,0.32015109352028615,-0.01843565873745276
333,Onhys,0,41666.666666666664,0,0,2.0,1,-0.10107031530108444,-0.09627489895648925,-0.15004282850595313,-0.14664167429853409
334,Orixha,0,0.0,1,1,1.0,1,-0.16793496546377798,-0.11765145771904596,-0.1264096425122322,-0.13384439444810253
335,Orok,0,0.0,0,0,1.0,1,-0.16793496546377798,-0.11765145771904596,-0.1264096425122322,-0.13384439444810253
336,Orosound,0,37777.77777777778,0,0,2.0,1,-0.0516108836310997,-0.030232631270442494,-0.4098289282177753,0.7664646453217052
337,Osivax,0,1734615.3846153845,1,1,2.0,1,-0.036951021722938654,-0.4113301170726251,0.6622310579345962,0.07946086188720591
338,Outsight,0,757575.75,1,1,2.0,1,0.7009765644509541,-0.2108864184730177,-0.23564631346212295,-0.21271027689950103
339,Owkin,0,528682.1705426356,1,1,3.0,1,0.027530899690274432,-0.4415200279688113,1.2794648545861422,0.49863608598560094
340,Oxiproteomics sas,0,0.0,0,0,1.0,1,-0.05664262049525811,-0.39796464275363497,0.6169627098538919,0.07775232800169701
341,Pasqal,0,0.0,0,0,1.0,1,-0.17548825150391414,-0.03393652821060089,-0.11932301255550218,-0.1135064310431436
342,Pep-Therapy,0,416666.6666666667,0,0,1.0,1,-0.0304484385883395,-0.48005733559214875,0.9523367406344725,0.1659299694729458
343,Peptimimesis,0,986363.5,0,0,1.0,1,-0.17027673178390804,-0.044498183387403675,-0.13719726056403286,-0.07455397136275953
344,Percipio Robotics S.A.,0,6875.0,0,0,2.0,1,-0.16793496546377798,-0.11765145771904596,-0.1264096425122322,-0.13384439444810253
345,Percko,0,0.0,0,0,2.0,1,-0.05572676178457808,-0.05714936804579372,-0.3939065308830036,0.7213311597272006
346,Phenocell,0,63341.666666666664,0,0,1.0,1,-0.014691750490839038,-0.477621803295296,0.9130248091455694,0.13125141526037107
348,Phost’in,0,2575000.0,0,0,1.0,1,-0.030466580862638856,-0.4488412097922383,0.83032551734609,0.1349756993697501
349,Pili,0,381250.0,0,0,2.0,1,-0.05795571286763078,-0.40729216448195465,0.6347755319055329,0.08069520423516849
350,Pixmap,0,0.0,0,0,1.0,1,-0.06342707839299623,0.5319471343859952,0.11122224474618823,-0.19268144510115098
351,Pixyl,0,41666.666666666664,0,0,2.0,1,-0.016013548612941776,-0.26557791568527833,0.7987719563688207,0.37856678119840603
352,PKparis,0,210000.0,0,0,1.0,1,-0.1412756424865815,-0.025885344741394947,-0.1333055650887973,-0.11704016668079463
353,Plasmabiotics,0,38994.8,0,0,3.0,1,-0.11849902523898397,-0.08306178820639815,-0.1078304307130099,-0.1522073284283861
354,Poietis,0,134936.21951219512,1,1,2.0,1,-0.0773631778231104,-0.48244536127098375,0.8089743639802047,0.10593487151130045
355,Polygon Physics SAS,0,25714.285714285714,0,0,1.0,1,-0.16793496546377798,-0.11765145771904596,-0.1264096425122322,-0.13384439444810253
356,Poxel,0,1183090.9,0,0,2.0,1,0.10956150756053246,-0.2982736031289412,0.8435345286902031,0.2904005797659414
357,PRAGMA Therapeutics,0,780000.0,0,0,1.0,1,-0.05664262049525811,-0.39796464275363497,0.6169627098538919,0.07775232800169701
358,Precogs,0,0.0,0,0,2.0,1,-0.16028380571316686,-0.0744060981456552,-0.10247703737579275,-0.12384154262191692
360,Prestodiag,0,0.0,0,0,1.0,1,-0.05664262049525811,-0.39796464275363497,0.6169627098538919,0.07775232800169701
361,Prevision.io,0,62500.0,0,0,2.0,1,0.32338094904228326,1.6368587364648557,0.05357111302909015,0.701824367131439
362,Primo1D,0,38994.8,0,0,2.0,1,-0.06104471739099096,-0.04973761365094419,-0.4080568897230648,0.7654242256361791
363,ProGeLife,0,36363.63636363636,0,0,2.0,1,-0.00533885658686954,-0.5250783804904106,1.1421863646186767,0.21063553953718545
364,Prophesee,1,632301.7340425532,1,1,3.0,1,-0.010667267902672145,-0.10376196270444232,-0.20783588153543578,-0.0931262474697883
365,QantEv,0,38994.8,0,0,1.0,1,-0.04206499826952794,0.6617981570535885,0.120502149692443,-0.01533086114214198
366,Qapa,0,102419.35483870968,1,1,3.0,1,-0.17714860448807893,0.0958138912499325,-0.09875742340593424,-0.10360785883151911
367,Qfluidics,0,38994.8,0,0,1.0,1,-0.16793496546377798,-0.11765145771904596,-0.1264096425122322,-0.13384439444810253
368,QUANDELA,0,7142.857142857143,0,0,1.0,1,-0.170513664575097,-0.11313488982346766,-0.14353148499424676,-0.13608607274117343
369,Quantmetry,0,0.0,0,0,3.0,1,-0.05797674295641205,-0.005299685229359994,-0.40470581287218854,0.773305204332466
370,Quantum Surgical SAS,0,0.0,0,0,3.0,1,-0.16793496546377798,-0.11765145771904596,-0.1264096425122322,-0.13384439444810253
371,Qucit,0,80952.38095238095,1,1,2.0,1,0.015186889412981191,0.16437703074065102,-0.16387231420666923,-0.1498585587566425
372,Quortex,0,131578.94736842104,0,0,2.0,1,-0.16793496546377798,-0.11765145771904596,-0.1264096425122322,-0.13384439444810253
373,Qwant,1,200854.70085470084,1,1,3.0,1,-0.17444274550983113,0.0015227565319803841,-0.13733211744698798,-0.14414012988380775
374,Qwant,1,200854.70085470084,1,1,3.0,1,-0.17444274550983113,0.0015227565319803841,-0.13733211744698798,-0.14414012988380775
375,Qynapse,0,0.0,0,0,2.0,1,-0.09417347243794483,-0.11298037859479129,0.17988073146221095,0.21685274260618873
376,RealityTech,0,0.0,0,0,1.0,1,-0.17112378773083944,-0.0900582351323027,-0.12254891004456699,-0.14173777502910606
377,Redtechnologies,0,0.0,0,0,4.0,1,-0.14813276065207848,-0.018542998272776407,-0.1276410637537767,-0.16438586784920373
378,Regaind,0,100000.0,0,0,1.0,1,-0.03991768344760854,0.7265780621731369,0.14118998932071342,-0.011718649002074635
379,RegStem,0,38994.8,0,0,2.0,1,-0.058430728262064996,-0.4603699897721418,0.7778976903395827,0.11141044697949339
380,Regulaxis,0,416825.0,0,0,1.0,1,-0.027240782158981854,-0.38023844818476427,0.811516205139784,0.13523866898580425
381,Riminder,0,174242.41666666666,0,0,2.0,1,0.06903373424950252,0.7315513842100408,-0.17262527250326098,1.051843985544526
382,Rubix SI,0,428571.4285714286,1,1,2.0,1,-0.16947858221573847,-0.11887920007464065,-0.12865790689589263,-0.13384779299715283
383,Genfit,0,209259.25925925927,1,1,3.0,1,-0.05484002633623633,-0.5490182395834502,1.1365174867400412,0.25091856912198923
384,SafeHeal,0,1000000.0,0,0,1.0,1,-0.15039312776176306,-0.15484874698600018,-0.05494314389236433,-0.062425028008091556
385,Santech,0,680125.0,0,0,1.0,1,0.020062532252107163,1.0380506418119853,0.3128976982666594,-0.2479294779917909
386,SCALINX,0,11481.481481481482,0,0,2.0,1,-0.16793496546377798,-0.11765145771904596,-0.1264096425122322,-0.13384439444810253
387,Scality,0,784595.9555555555,1,1,3.0,1,0.05598546356317909,0.8076858488078258,0.23758345830942626,-0.1082538212399365
388,Scanae,0,0.0,0,0,1.0,1,-0.16793496546377798,-0.11765145771904596,-0.1264096425122322,-0.13384439444810253
389,Script&Go,0,0.0,0,0,2.0,1,-0.1747411883296002,0.020370946164524575,-0.13273870202380228,-0.15338898302100729
390,Script&Go,0,0.0,0,0,2.0,1,-0.1747411883296002,0.020370946164524575,-0.13273870202380228,-0.15338898302100729
391,SeaBubbles,0,1368181.8181818181,0,0,2.0,1,1.5378525357507724,-0.3183813888886601,-0.4031093051560558,-0.4309864509529683
392,Secure-IC,0,0.0,0,0,2.0,1,-0.16793496546377798,-0.11765145771904596,-0.1264096425122322,-0.13384439444810253
393,Seekyo Therapeutics,0,266666.6666666667,0,0,1.0,1,-0.011432721934420046,-0.5246233506570465,1.1106703367389705,0.2058122986550553
394,Semeia,0,0.0,0,0,2.0,1,-0.16793496546377798,-0.11765145771904596,-0.1264096425122322,-0.13384439444810253
395,Sensewaves,0,36363.6,0,0,1.0,1,1.932550206347848,1.7524515348489806,0.032965773184371265,-0.1728819417877393
396,Sensome,0,770075.75,0,0,2.0,1,0.1384212915184005,-0.08977479404152164,-0.18563686195342138,1.2232266335026907
397,Sentryo,0,736842.1052631579,0,0,2.0,1,-0.00456388377522062,0.13260620737564838,-0.14007460418225579,0.2890461979960569
398,SEPARATIVE,0,5000.0,0,0,1.0,1,-0.049817462438431215,-0.4728672552484987,0.8407835762061386,0.16080413874489685
399,SeqOne,1,136363.63636363635,0,0,2.0,1,-0.009475544672914971,-0.4825808516353425,0.8447322895409655,0.15622510056959993
401,Sereema,0,0.0,0,0,1.0,1,-0.03737365644950976,0.07918068261321269,-0.16423639563346612,0.09891557640871007
402,SESAMm,0,150870.40425531915,0,0,2.0,1,0.011348827398478131,0.2790023413679588,-0.25530563500361464,1.0049190840267597
404,Silltec,0,0.0,0,0,1.0,1,-0.1705103348628857,-0.11947555327496323,-0.12881957557555762,-0.13717855239922194
405,Sim&Cure,0,150000.0,0,0,2.0,1,-0.16930786183584515,-0.1561869832091218,-0.0009157038664793779,-0.04205164866331388
406,SiS-id,0,5000.0,0,0,1.0,1,-0.16793496546377798,-0.11765145771904596,-0.1264096425122322,-0.13384439444810253
407,Skilder,0,212500.0,0,0,1.0,1,-0.15065951464524138,-0.10303040253515659,-0.12648396967670517,-0.08446809704999118
408,Skopai,0,0.0,0,0,2.0,1,-0.06062991126489156,0.5090394429215493,0.10795342566679482,-0.1921844499852816
409,SmartPixels,0,20000.0,0,0,2.0,1,-0.14662083174054857,0.1477728502362768,-0.13319137303612702,0.015815143385105285
410,Snips,1,1403409.0625,1,1,2.0,1,0.06563230927462298,1.311426701871053,0.32850800595992163,-0.15272419138504098
411,Soitec,0,0.0,0,0,3.0,1,-0.16793496546377798,-0.11765145771904596,-0.1264096425122322,-0.13384439444810253
412,Solean,0,400000.0,0,0,1.0,1,0.8714519860405828,-0.2518471256688329,-0.31032841333186495,-0.33151391933958385
413,SparingVision,0,1797071.5,0,0,1.0,1,-0.06074157763907852,-0.42783928653372194,0.687861754903045,0.09418631583087601
414,Spotlight,0,38994.8,0,0,1.0,1,-0.10316315478685588,0.9653005942694941,0.10302821606695851,-0.2321073240801117
415,Sqreen,0,222795.10447761195,1,1,3.0,1,0.22518755910658858,1.639615637984525,0.4036728477801106,0.14517674705529174
416,SquareMind,0,0.0,0,0,1.0,1,-0.16793496546377798,-0.11765145771904596,-0.1264096425122322,-0.13384439444810253
417,SteadySun,0,0.0,0,0,2.0,1,-0.12000467221400664,-0.12624795595885044,-0.15742768421431697,-0.13369433456969632
418,Step pharma,0,4833333.333333333,0,0,4.0,1,-0.05933758168449937,-0.4604979939740767,0.7785902907667556,0.11373874009717769
419,Stimunity,0,883333.3333333334,0,0,1.0,1,0.7854498296864968,-0.6479684556916887,1.091254484943845,0.05421062497613692
420,Strains,0,0.0,0,0,1.0,1,-0.16793496546377798,-0.11765145771904596,-0.1264096425122322,-0.13384439444810253
421,Sublimed,0,250000.0,0,0,2.0,1,-0.03291543670515753,-0.16408451710282182,-0.27633793492922804,0.8722984618660324
422,Volta Medical,0,153333.33333333334,0,0,2.0,1,-0.1513900093122163,-0.17486247379735748,-0.05002014353629755,-0.04412176255679382
423,SurfactGreen,0,0.0,0,0,1.0,1,-0.16793496546377798,-0.11765145771904596,-0.1264096425122322,-0.13384439444810253
424,Sylfen,0,0.0,0,0,2.0,1,0.8979755301095288,-0.25651867847970433,-0.30915523505919856,-0.35479615226160816
425,syndivia,0,1019696.6666666666,0,0,1.0,1,0.0598874076002631,-0.5485169824205737,1.2037518768997129,0.3149479592777281
426,Synthelis,0,122000.0,0,0,1.0,1,-0.05664262049525811,-0.39796464275363497,0.6169627098538919,0.07775232800169701
427,SYOS,0,0.0,0,0,1.0,1,-0.17396590447085222,-0.09963996465810725,-0.13578235178284798,-0.14466002419180327
428,SYOS,0,0.0,0,0,1.0,1,-0.17396590447085222,-0.09963996465810725,-0.13578235178284798,-0.14466002419180327
429,Syrlinks,0,0.0,0,0,3.0,1,-0.12509081577259692,-0.046367191943557665,-0.14956088943402726,-0.10584783717788229
430,Syrlinks,0,0.0,0,0,3.0,1,-0.12509081577259692,-0.046367191943557665,-0.14956088943402726,-0.10584783717788229
431,TargEDys,1,693333.3333333334,0,0,2.0,1,-0.014206181899988303,-0.4017270817301976,0.6997327000601914,0.12569628714160666
432,Databerries,0,0.0,0,0,2.0,1,-0.07203461703416036,0.5797088322722747,0.10574280529465184,-0.1820875866585073
433,Hoppen,0,769230.7692307692,1,1,3.0,1,-0.1162357903184975,-0.2087954907993802,0.05914302484349262,0.06467554243277407
434,TellMePlus,0,356060.5833333333,0,0,2.0,1,0.2997329427878538,1.7297829137513345,0.30708459272161714,0.1099451069803606
435,Testwe,0,56521.739130434784,0,0,2.0,1,-0.18111293090884528,-0.09657736513131515,-0.1644401639341037,-0.09713346734388138
436,Therachon,0,38994.8,0,0,2.0,1,0.06856949079165656,-0.36262085319168424,1.373466184465774,0.3745490276882739
437,Theranexus,0,211764.70588235295,0,0,2.0,1,-0.06421315730775037,-0.395534858017764,0.7684926092355872,0.12335144843801263
438,THERAPANACEA,0,124000.0,0,0,2.0,1,0.6625492211379707,-0.36101967815391195,0.3100822804231599,-0.1582814298200789
439,Therapixel,1,215384.61538461538,1,1,2.0,1,0.22481031847946042,-0.17783202166556678,0.4693503181385917,1.3024370077555794
440,ThrustMe,0,327000.0,0,0,2.0,1,-0.0666740614980366,-0.06636456773083205,-0.44699278702414674,0.8134081080522906
441,Tiamat Energy,0,365000.0,0,0,1.0,1,1.662801596551571,-0.30501351232762053,-0.45765469472546244,-0.550240069336798
442,Tissium,0,1356896.551724138,1,1,3.0,1,1.7714506740713079,0.6474109492897131,1.364205936521161,0.08940505476790572
443,Tissue Aegis,0,0.0,0,0,1.0,1,-0.16793496546377798,-0.11765145771904596,-0.1264096425122322,-0.13384439444810253
444,Tollys,0,38994.8,0,0,2.0,1,-0.12137680969236604,-0.215365580718315,0.26180882464230976,-0.02501364485692916
445,Tongue Lab,0,0.0,0,0,1.0,1,-0.16793496546377798,-0.11765145771904596,-0.1264096425122322,-0.13384439444810253
446,Traaser,0,0.0,0,0,1.0,1,-0.11133218879144384,-0.24972123552780257,0.46672749103510414,0.005375301849312417
447,Tradelab,0,0.0,0,0,3.0,1,-0.17516413684635845,-0.08973773148929766,-0.12902088824587196,-0.13452748316587354
448,TransChain,0,71428.57142857143,0,0,2.0,1,-0.1712694987376531,-0.11797484574328672,-0.1307222981035737,-0.13716980601191728
449,TransCure bioServices SAS,0,65023.72093023256,0,0,2.0,1,0.7895865166138647,-0.7364868196185088,1.201922396696711,0.19382253689605342
450,Traxens,0,176229.50819672132,0,0,3.0,1,0.14922125101435949,0.7187113415093194,-0.25671936957679514,1.0564310168837157
451,TreeFrog Therapeutics,1,522954.5,1,1,2.0,1,0.09615242318401457,0.2036798498915168,0.9408709403567951,0.006490246372495017
452,Tricares.com,0,334326.92307692306,0,0,2.0,1,-0.16793496546377798,-0.11765145771904596,-0.1264096425122322,-0.13384439444810253
453,Tridimeo,0,0.0,0,0,1.0,1,-0.16793496546377798,-0.11765145771904596,-0.1264096425122322,-0.13384439444810253
454,Trustinsoft,0,358352.9411764706,1,1,2.0,1,-0.13608337167083656,-0.05442768869677534,-0.13887981609053487,-0.12348133813038224
455,Tryon,0,38994.8,0,0,4.0,1,-0.1712181869821441,-0.11269971348711233,-0.12809052990380254,-0.13569587077844694
456,Uavia,0,119047.61904761905,0,0,2.0,1,0.0628777528266312,1.0626498163558566,0.27890607024262143,-0.2534589853498627
457,Ubleam,0,76470.58823529411,0,0,2.0,1,-0.03271243969140777,0.16112835626607644,-0.4097439139729851,0.8237558134788904
458,Ultimetas,0,0.0,0,0,1.0,1,-0.16793496546377798,-0.11765145771904596,-0.1264096425122322,-0.13384439444810253
459,Ultimetas,0,0.0,0,0,1.0,1,-0.16793496546377798,-0.11765145771904596,-0.1264096425122322,-0.13384439444810253
460,Unistellar,0,38994.8,0,0,2.0,1,-0.1693525489415055,-0.11604277496574897,-0.13155950804589034,-0.1259278837104182
461,Unseenlabs,0,750000.0,0,0,1.0,1,-0.1790248083920301,-0.12173579747349719,-0.1896183183985662,-0.06997717017827039
462,UpStride,0,0.0,0,0,2.0,1,-0.12887806967764184,-0.0903743348986874,-0.1599117804162763,-0.09285811878859938
463,Uromems,1,937500.0,0,0,2.0,1,-0.03308542130507928,-0.5011416647823639,0.7422876023948889,0.19690791046077938
464,Valbiotis,0,129032.25806451614,0,0,2.0,1,0.001935521756858559,-0.4843223236141753,0.9261899908156879,0.2677838803639507
465,Valoneo,0,0.0,0,0,1.0,1,-0.16793496546377798,-0.11765145771904596,-0.1264096425122322,-0.13384439444810253
466,Vaxinano,0,57142.857142857145,0,0,1.0,1,-0.17051033486288597,-0.11947555327496855,-0.12881957557556706,-0.13717855239927476
467,Veesion,0,35545.45,0,0,2.0,1,-0.12341895973091463,0.03935842361390103,-0.1177618115765496,-0.11563563177605031
468,Veesion,0,35545.45,0,0,2.0,1,-0.12341895973091463,0.03935842361390103,-0.1177618115765496,-0.11563563177605031
469,Videolabs,0,0.0,0,0,2.0,1,-0.17848601389060642,-0.024379511631547363,-0.13745580453773876,-0.0829054043785136
470,VitaDX Europe,0,313888.8888888889,0,0,2.0,1,-0.010084464723846283,-0.49567876575290404,1.0051811770084356,0.18658307759287027
471,Vivoka,0,142857.14285714287,0,0,2.0,1,-0.05576590915604238,-0.03934247167852439,-0.39339136155970966,0.7327913418037795
472,Voxaya,0,60000.0,0,0,1.0,1,-0.14937005246841434,0.03510725641299318,-0.11386091848658393,0.043009194395036913
475,Vulkam,1,281250.0,0,0,2.0,1,-0.16793496546377798,-0.11765145771904596,-0.1264096425122322,-0.13384439444810253
476,Captain Contrat,0,92592.5925925926,0,0,3.0,1,0.0005972879983606586,1.320242364312548,0.3644024462533233,-0.32166551704756335
477,Walnut Algorythm,0,31759.76923076923,0,0,2.0,1,-0.12413944413188598,-0.077726350546726,0.06663728416009863,0.03304694233821033
478,Wandercraft,0,239759.0361445783,1,1,3.0,1,0.7056385918465999,-0.3441764679350803,0.20962614080587716,-0.01948540880077502
479,Watoo,0,38994.8,0,0,2.0,1,-0.16793496546377798,-0.11765145771904596,-0.1264096425122322,-0.13384439444810253
480,Wavely,0,37500.0,0,0,2.0,1,-0.03950361510934451,0.16876262041788775,-0.3921454249091561,0.9574751716556831
481,Waykonect,0,88235.29411764706,0,0,2.0,1,-0.04129288419013159,0.40942027554418164,0.05672797752198937,-0.20659751060675297
482,Webdrone,0,0.0,0,0,2.0,1,-0.16793496546377798,-0.11765145771904596,-0.1264096425122322,-0.13384439444810253
483,Weenat,1,83333.33333333333,1,1,2.0,1,0.054526215156986385,0.02870071752808636,-0.460708953946055,0.8494836220877662
484,Weeroc,0,0.0,0,0,1.0,1,-0.18179411268763526,-0.12687110577327373,-0.1492103084257478,-0.12735989114360252
485,Whylots,0,4545.454545454545,0,0,2.0,1,-0.10373834098759785,-0.057164960220248154,-0.1364328542309039,-0.14169084828061573
486,Wi6labs,0,0.0,0,0,2.0,1,-0.10108174969230724,-0.017952131125843335,-0.17012982198531754,-0.08392727130989619
487,WiseBIM,0,0.0,0,0,2.0,1,-0.16793496546377798,-0.11765145771904596,-0.1264096425122322,-0.13384439444810253
488,WiThings,0,406129.7427184466,1,1,3.0,1,0.19054171763902142,0.17848522522434834,0.4962592953020608,1.4095859012974088
489,Wuha,0,38994.8,0,0,2.0,1,-0.1711364690917133,0.12809824727755956,-0.13295029957253696,-0.13963657230300033
490,Wuha,0,38994.8,0,0,2.0,1,-0.1711364690917133,0.12809824727755956,-0.13295029957253696,-0.13963657230300033
491,Wupatec,1,300000.0,0,0,1.0,1,-0.13196919901093784,-0.07335108688347498,-0.12910225787616608,-0.1138874913358281
492,Xenothera,0,639000.0,0,0,1.0,1,1.0296327339847733,0.6012356618870188,1.8229392859931441,0.03306406357469295
493,XSun,0,275714.28571428574,0,0,2.0,1,0.9234646691500027,-0.2799471943495925,-0.30235497984198323,-0.35160553300478176
494,Xtramile,0,23333.333333333332,0,0,2.0,1,-0.043736754564322945,0.06203420208265038,-0.4184841698855917,0.9102853832328407
495,Xtramile,0,23333.333333333332,0,0,2.0,1,-0.043736754564322945,0.06203420208265038,-0.4184841698855917,0.9102853832328407
496,Xtrem Logic,0,38994.8,0,0,3.0,1,-0.16793496546377798,-0.11765145771904596,-0.1264096425122322,-0.13384439444810253
497,Yealth,0,0.0,0,0,1.0,1,-0.16793496546377798,-0.11765145771904596,-0.1264096425122322,-0.13384439444810253
498,Ynsect,0,1423269.385321101,1,1,3.0,1,2.463773920581982,-0.5970495244675206,0.5375610739084666,0.02697101198825421
499,Yogoko,0,38994.8,0,0,3.0,1,-0.13196919901093784,-0.07335108688347498,-0.12910225787616608,-0.1138874913358281
500,Accenta,0,249038.0,0,0,2.0,0,0.8264794395920003,-0.2480090159310754,-0.2862842755168765,-0.3409934641039388
501,Actimesure,0,4545.454545454545,0,0,2.0,0,-0.16527113085189388,-0.04326093571640738,-0.11191612502090241,-0.13117156992461837
502,Adrenalead,0,100000.0,0,0,1.0,0,-0.17486159531710094,-0.01417871238671525,-0.12459395087644869,-0.06930833803546381
504,Agorize,0,112500.0,1,1,3.0,0,0.01613846189050191,1.2920817307244827,0.38135342221343854,-0.16269720965222811
505,Akeneo,0,278109.447761194,1,1,3.0,0,0.02956552925164154,1.4235244248249026,0.4414381573995153,-0.15118569341604782
507,Alan,0,499272.724,1,1,3.0,0,1.2110603173798167,0.18296765781202876,0.19676818553743544,-0.2199187517553608
508,ALEPH-NETWORKS,0,0.0,0,0,2.0,0,-0.04007598839098223,0.01124516513065999,-0.39740513893080837,0.7383616306678658
509,Alphametry,0,0.0,0,0,1.0,0,-0.16921285172923076,-0.11855648970716441,-0.12760323168708798,-0.13549096708661132
510,Amazjob,0,38994.8,0,0,2.0,0,-0.06062991126489156,0.5090394429215493,0.10795342566679482,-0.1921844499852816
511,AmpliSIM,0,0.0,0,0,1.0,0,-0.16793496546377798,-0.11765145771904596,-0.1264096425122322,-0.13384439444810253
512,Aquassay,0,0.0,0,0,2.0,0,-0.1526848469079781,-0.13147623557954227,-0.12505751654530659,-0.13353341922446327
513,Artchy,0,38994.8,0,0,2.0,0,-0.17075319470497816,-0.06585695384668336,-0.12638350520436603,-0.09995828461866145
514,Asamgo,0,12500.0,0,0,1.0,0,0.07382638094568993,0.2988322435381444,-0.42278890491315346,1.1865282025307697
515,Audiospot,0,38994.8,0,0,3.0,0,-0.16793496546377798,-0.11765145771904596,-0.1264096425122322,-0.13384439444810253
516,Avanseo,0,0.0,0,0,1.0,0,-0.16793496546377798,-0.11765145771904596,-0.1264096425122322,-0.13384439444810253
517,Axibio,0,0.0,0,0,1.0,0,-0.16793496546377798,-0.11765145771904596,-0.1264096425122322,-0.13384439444810253
518,Azetone,0,0.0,1,1,1.0,0,-0.1287915114284039,-0.07233511674629903,-0.06393384727967172,-0.13865537293818173
519,BELEM,0,0.0,0,0,1.0,0,-0.15178917439006065,0.035175171926895,-0.1159509921649513,0.04170835497160325
520,BioMiMetiC,0,0.0,0,0,1.0,0,-0.1373811211246091,-0.12724001394337764,-0.1159115843461406,-0.1304739061093763
522,Bubblz,0,157142.85714285713,0,0,1.0,0,0.022602903899535502,0.6623396464475811,0.11208029887561514,0.0019228225634856865
523,Cleed,0,0.0,0,0,1.0,0,-0.1759727031578382,-0.09731897754310993,-0.12878655380594536,-0.14066978563807964
524,comet,0,134020.61855670103,0,0,3.0,0,0.06338677252030583,0.6082918722710777,-0.16425896452360148,0.7242868949746136
525,Contentarmor,0,38994.8,0,0,2.0,0,-0.1713842690845493,-0.05262065621871126,-0.13445215758855927,-0.0821713836764279
526,Dareboost,0,38994.8,0,0,1.0,0,-0.090933394441129,0.4394985151176511,0.08510007126994061,-0.20547641788643264
527,DATATEGY,0,75757.57575757576,0,0,2.0,0,0.020740227212963598,0.6026043660216419,0.05991668679586368,-0.13102440497992612
528,Digitemis,0,0.0,0,0,2.0,0,-0.16793496546377798,-0.11765145771904596,-0.1264096425122322,-0.13384439444810253
529,Doc.Fr,0,38994.8,0,0,3.0,0,-0.13196919901093784,-0.07335108688347498,-0.12910225787616608,-0.1138874913358281
530,Doctoconsult,0,100000.0,0,0,2.0,0,-0.03588592463978212,-0.003141196968463828,-0.41155172489971714,0.7937251641211169
531,Drapo,0,0.0,0,0,1.0,0,-0.16497721866258921,-0.12240984622109301,-0.13338354639932856,-0.1431738793340512
532,EasyMile,0,104245.28301886792,0,0,3.0,0,1.2359594100120586,-0.24880693186082609,-0.3957176230812298,-0.44008336168263407
533,Easyverif,0,0.0,0,0,1.0,0,-0.1186549313918094,-0.11680250189631328,-0.1363376765421718,-0.14110303295422802
534,Emundus,0,0.0,0,0,1.0,0,-0.17593863750979483,-0.06346655420837201,-0.11748855828955786,-0.15789623718215995
535,Ener-pacte,0,70588.23529411765,0,0,2.0,0,-0.16921285172923076,-0.11855648970716441,-0.12760323168708795,-0.1354909670866119
536,Epiderm,0,38994.8,0,0,2.0,0,-0.1693716718338594,-0.1217561660826787,-0.12069647181901251,-0.13449921253154445
537,Epur,0,0.0,0,0,1.0,0,-0.16793496546377798,-0.11765145771904596,-0.1264096425122322,-0.13384439444810253
538,Equimov,0,93750.0,0,0,1.0,0,-0.17051033486288583,-0.11947555327496805,-0.1288195755755716,-0.13717855239909282
539,Eventtia,0,0.0,1,1,2.0,0,-0.16793496546377798,-0.11765145771904596,-0.1264096425122322,-0.13384439444810253
540,Exolis,0,0.0,0,0,2.0,0,-0.16793496546377798,-0.11765145771904596,-0.1264096425122322,-0.13384439444810253
542,Facetts,0,0.0,0,0,1.0,0,-0.16793496546377798,-0.11765145771904596,-0.1264096425122322,-0.13384439444810253
543,Feeli,0,0.0,0,0,1.0,0,-0.1732753827775308,-0.11899711265825008,-0.13073173048498973,-0.14053422209162342
544,Ferpection,0,0.0,0,0,2.0,0,-0.16793496546377798,-0.11765145771904596,-0.1264096425122322,-0.13384439444810253
545,FITLE,0,0.0,0,0,2.0,0,0.04309118724133037,0.6274721597557821,-0.14252579938980495,0.6837820252157781
546,Folhomee,0,0.0,0,0,2.0,0,-0.16793496546377798,-0.11765145771904596,-0.1264096425122322,-0.13384439444810253
547,F-Reg,0,40000.0,0,0,1.0,0,-0.16279204954543566,-0.1278465314694981,-0.1038713844267716,-0.09313254755141016
548,Gangz,0,0.0,0,0,2.0,0,-0.16793496546377798,-0.11765145771904596,-0.1264096425122322,-0.13384439444810253
549,Getpro,0,0.0,0,0,2.0,0,-0.16793496546377798,-0.11765145771904596,-0.1264096425122322,-0.13384439444810253
550,GitGuardian,0,419580.3846153846,0,0,2.0,0,-0.07321460478284358,0.5489693065699841,0.10230171538481425,-0.20677504068593638
551,Goodmix,0,0.0,0,0,1.0,0,-0.12995623608237666,-0.015044815610597905,-0.13173083949454933,0.03596692146584276
552,Goodsid,0,38994.8,0,0,2.0,0,-0.16793496546377798,-0.11765145771904596,-0.1264096425122322,-0.13384439444810253
553,Guides-shopping,0,0.0,0,0,1.0,0,-0.15455538340908356,-0.07996962880793423,-0.09804880644141112,-0.09859014583237008
554,Hapticmedia,0,2941.176470588235,0,0,2.0,0,-0.16909457172849604,-0.11012235685261867,-0.12456682602923282,-0.13871450970470797
555,Heappi,0,0.0,0,0,1.0,0,-0.1808862021029145,0.026385357369918976,-0.12941910161588854,-0.14513182123039164
556,Heyliot,0,38994.8,0,0,2.0,0,-0.05572676178457808,-0.05714936804579372,-0.3939065308830036,0.7213311597272006
557,Homeys,0,38994.8,0,0,1.0,0,-0.165176827714564,-0.10237683505852246,-0.13840865852484596,-0.12645980348791006
558,Hopfab,0,0.0,0,0,2.0,0,-0.16760821395928133,0.012068489160108145,-0.07125606457836753,-0.14271947083442157
559,HRmaps,0,0.0,0,0,2.0,0,-0.16793496546377798,-0.11765145771904596,-0.1264096425122322,-0.13384439444810253
560,Hubtobee,0,0.0,0,0,1.0,0,-0.16793496546377798,-0.11765145771904596,-0.1264096425122322,-0.13384439444810253
561,IDECSI,0,0.0,0,0,2.0,0,0.021119179753078532,1.0304738344747641,0.3109507777988872,-0.24330051325491092
562,Ideel,0,0.0,0,0,1.0,0,-0.16793496546377798,-0.11765145771904596,-0.1264096425122322,-0.13384439444810253
563,Idomed,0,0.0,0,0,2.0,0,-0.13196919901093784,-0.07335108688347498,-0.12910225787616608,-0.1138874913358281
564,Ilek,0,206896.55172413794,0,0,2.0,0,1.6900305369760986,0.30597533087505824,-0.1921996664099075,-0.5420666657876322
565,Influans,0,38994.8,1,1,2.0,0,0.038271238436715024,1.3535127732104517,0.3468344688540869,-0.17632385442453535
566,Inflyter,0,0.0,0,0,1.0,0,-0.0025445025518183602,1.2553464872881397,0.3770477225806211,-0.1997542017307174
567,Innovsante,0,38994.8,0,0,2.0,0,-0.1783193304248831,0.01848100371929585,-0.10529190200094798,-0.15769034644436317
569,InsideBoard,0,531746.0317460317,1,1,3.0,0,0.021119179753078532,1.0304738344747641,0.3109507777988872,-0.24330051325491092
570,Itekube,0,0.0,0,0,1.0,0,-0.13409762883431164,-0.038587829912308705,-0.12921305382578802,-0.11461829738835226
571,Izicap,0,80000.0,1,1,3.0,0,-0.16125098466443438,0.04796162667462485,-0.12920282560523522,0.056205032628168505
572,Izilaw,0,38994.8,0,0,1.0,0,-0.17182786911544642,-0.12040897725691892,-0.13005933108658044,-0.13890870147982592
573,JobyPepper,0,0.0,0,0,2.0,0,-0.05572676178457808,-0.05714936804579372,-0.3939065308830036,0.7213311597272006
574,Jokosun,0,38994.8,0,0,2.0,0,-0.1783193304248831,0.01848100371929585,-0.10529190200094798,-0.15769034644436317
575,Kawaa,0,62000.0,0,0,2.0,0,-0.18881486804533124,-0.06876690860238478,-0.15333768707330034,-0.14512842969186696
576,Kazeko,0,0.0,0,0,1.0,0,-0.16793496546377798,-0.11765145771904596,-0.1264096425122322,-0.13384439444810253
577,Kiddizy,0,38994.8,0,0,2.0,0,-0.06062991126489156,0.5090394429215493,0.10795342566679482,-0.1921844499852816
578,KIPLIN,0,0.0,0,0,2.0,0,-0.16793496546377798,-0.11765145771904596,-0.1264096425122322,-0.13384439444810253
579,Knot,0,38994.8,0,0,1.0,0,-0.03977337419898014,0.011159301824224118,-0.3936879160518843,0.729386934501717
580,Krank,0,26923.076923076922,0,0,2.0,0,-0.20293127449064474,0.06990943478233211,-0.11195249063117751,-0.2095576733232652
581,Lounjee,0,0.0,0,0,1.0,0,-0.16793496546377798,-0.11765145771904596,-0.1264096425122322,-0.13384439444810253
582,LUMI'IN,0,142857.14285714287,0,0,1.0,0,1.7428639797061836,-0.268809978332089,-0.7250776646617916,0.3715990038032563
583,LysPackaging,0,153846.15384615384,0,0,2.0,0,-0.1691480728093138,-0.11238449880802476,-0.1358482895404693,-0.09153194919649317
584,Memento,0,38994.8,0,0,1.0,0,-0.2160860268946022,0.17200569066068533,-0.06487580819751168,-0.13474492367364366
585,mercurr,0,0.0,0,0,1.0,0,-0.16793496546377798,-0.11765145771904596,-0.1264096425122322,-0.13384439444810253
586,Mipise,0,74866.29411764706,0,0,2.0,0,0.09984860521590919,0.7556935300171856,0.2840290307605575,-0.15420305796659728
587,Mixdata,0,38994.8,0,0,3.0,0,-0.16793496546377798,-0.11765145771904596,-0.1264096425122322,-0.13384439444810253
588,Mobeye,0,41935.48387096774,0,0,2.0,0,-0.06147256601086982,0.7377158298953082,0.14127299218416614,-0.12167274948165442
589,Mobistreet,0,0.0,0,0,1.0,0,-0.02843773866638007,0.7903409106920676,0.09202096380872775,-0.2926398176714943
590,Monemprunt.com,0,166666.66666666666,0,0,2.0,0,-0.16997271382625287,-0.11460789194165173,-0.12668520096714372,-0.13837477125498635
591,Moneway,0,0.0,0,0,2.0,0,-0.16793496546377798,-0.11765145771904596,-0.1264096425122322,-0.13384439444810253
593,Moona,0,91000.0,0,0,1.0,0,-0.1460841675784207,-0.13101945026718914,-0.14712458375237378,-0.16156218776375617
594,MyTutorAbroad,0,0.0,0,0,1.0,0,-0.16793496546377798,-0.11765145771904596,-0.1264096425122322,-0.13384439444810253
595,Nabla,0,0.0,0,0,2.0,0,-0.16793496546377798,-0.11765145771904596,-0.1264096425122322,-0.13384439444810253
596,Naker,0,0.0,0,0,1.0,0,-0.16793496546377798,-0.11765145771904596,-0.1264096425122322,-0.13384439444810253
597,Newcy,0,83333.33333333333,0,0,2.0,0,1.5827254827772121,-0.32071556976553695,-0.42656273458893407,-0.4837266102504533
598,Newheat,0,120000.0,0,0,2.0,0,1.6422747408461065,-0.33228520375953574,-0.4631897625211625,-0.4912715660338374
599,Noova,0,38994.8,0,0,4.0,0,0.010423725754735847,1.129319528927728,0.372963343106315,-0.2503133713420238
600,Novengine,0,0.0,0,0,1.0,0,-0.16793496546377798,-0.11765145771904596,-0.1264096425122322,-0.13384439444810253
601,Onecub,0,46250.0,0,0,1.0,0,-0.1728180902325133,-0.06054757520352633,-0.11510943746178727,-0.1496396826532434
602,Openergy,0,0.0,0,0,1.0,0,-0.16507788764958659,-0.08038286525752723,-0.14470879316651353,-0.08727277490819153
604,Ouihelp,0,31730.76923076923,1,1,3.0,0,1.0581368242029832,-0.06796092232255031,-0.059173650463121244,-0.26779345568195306
605,Pandascore,0,68152.17391304347,0,0,2.0,0,-0.1700887861394473,-0.10602043991075896,-0.1371647531051405,-0.14313187836846775
606,PayCar,0,200000.0,0,0,1.0,0,0.051459469270548744,1.2186040929706154,0.3094435431019232,-0.2461508486592846
607,PayGenius,0,0.0,0,0,2.0,0,-0.16441740898578117,0.09788023372666789,-0.1388816351783379,-0.0855210080597653
608,Paytweak,0,94444.44444444444,0,0,2.0,0,-0.19169185307664904,0.03963856497087062,-0.14382011582487508,-0.1324149696895474
609,Playeur.co,0,38994.8,0,0,1.0,0,-0.16793496546377798,-0.11765145771904596,-0.1264096425122322,-0.13384439444810253
610,PRO-SPARE,0,38994.8,0,0,1.0,0,-0.16793496546377798,-0.11765145771904596,-0.1264096425122322,-0.13384439444810253
611,Qotto,0,74074.07407407407,0,0,2.0,0,-0.00779646853480674,-0.06574586628559818,-0.42492457258508837,0.7214812196056068
612,Quantilia,0,142857.14285714287,0,0,2.0,0,-0.09408767598742382,0.10452900062062284,-0.01351280631872233,0.1811593545622781
613,Quantom,0,0.0,0,0,2.0,0,-0.16793496546377798,-0.11765145771904596,-0.1264096425122322,-0.13384439444810253
614,Quorum,0,471515.14666666667,0,0,3.0,0,-0.17659857496641365,0.07262771291749683,-0.14593608642650915,-0.10529839154907306
615,RESEAUPRO,0,0.0,0,0,1.0,0,-0.16793496546377798,-0.11765145771904596,-0.1264096425122322,-0.13384439444810253
616,Rolide,0,0.0,0,0,1.0,0,-0.16793496546377798,-0.11765145771904596,-0.1264096425122322,-0.13384439444810253
617,Rool'in,0,119480.42857142857,0,0,1.0,0,1.6382446467159673,-0.22686743635592457,-0.4469940970448468,-0.5125770570845671
618,Rougier,0,0.0,0,0,4.0,0,-0.16793496546377798,-0.11765145771904596,-0.1264096425122322,-0.13384439444810253
619,Safe-Cyberdefense,0,38994.8,0,0,2.0,0,-0.16793496546377798,-0.11765145771904596,-0.1264096425122322,-0.13384439444810253
620,Sarus,0,250000.0,1,1,1.0,0,-0.16793496546377798,-0.11765145771904596,-0.1264096425122322,-0.13384439444810253
621,Seaturns,0,0.0,0,0,1.0,0,-0.16793496546377798,-0.11765145771904596,-0.1264096425122322,-0.13384439444810253
622,Selerys,0,58214.28571428572,0,0,2.0,0,0.5344879153354316,-0.22711840001335043,-0.12845114271855462,-0.24237923061999278
623,SellingAtHome,0,72857.14285714286,0,0,1.0,0,-0.1779497024410844,-0.03910980342400762,-0.12506190545781748,-0.11922609564782762
624,Shapr,0,240322.5806451613,0,0,3.0,0,-0.1723458171460752,-0.059242616745742736,-0.1176083134933477,-0.1476601532395858
625,Simundia,0,71428.57142857143,0,0,2.0,0,-0.17457759446882823,-0.11098664784010595,-0.12837642444011285,-0.1457437943471674
626,Skiply,0,15384.615384615385,0,0,2.0,0,-0.14337211275071893,-0.06734313701235914,-0.10852832579301697,-0.14674959020634698
627,SoftLaw,0,0.0,0,0,1.0,0,-0.05625726924587945,-0.03180922316499313,-0.3936752463509209,0.7276739839508769
628,SonetSuite,0,31666.666666666668,0,0,1.0,0,-0.13230719407700375,0.1876057745844221,-0.09923137820260435,-0.0682867948960197
629,Spinergie,0,0.0,0,0,2.0,0,0.0038420932933104722,0.527339535194616,0.07848115497865647,-0.09649271630295635
630,Stormize,0,0.0,0,0,1.0,0,-0.1536829603181108,-0.08524488548494716,-0.13462786100865737,-0.14440231907200404
631,Swabbl,0,200000.0,0,0,1.0,0,0.02211338984119611,1.6423117549204769,0.40803957672787344,-0.3452067870809128
632,Synergiz,0,54347.82608695652,1,1,2.0,0,-0.16793496546377798,-0.11765145771904596,-0.1264096425122322,-0.13384439444810253
633,Target2Sell,0,31250.0,0,0,2.0,0,0.041571188020739454,1.4369313921127822,0.3903371991803013,-0.06439975459158065
634,Teester,0,46666.666666666664,0,0,2.0,0,0.0474821292680788,1.2793064665122558,0.3179649858352864,-0.15732048508748292
635,Teqoya,0,0.0,0,0,1.0,0,-0.01774803240317667,0.04545727406265431,-0.3992277278653207,0.8911424756411459
636,Touchify,0,0.0,0,0,1.0,0,0.020259455711288166,1.0381038294797864,0.3126663777681833,-0.24770403515244566
637,Trackinsight,0,250000.0,0,0,1.0,0,-0.04206499826952794,0.6617981570535885,0.120502149692443,-0.01533086114214198
638,Tracktor,0,82222.22222222222,0,0,2.0,0,-0.09679795033094925,-0.0032106223785751216,-0.14586207252889033,-0.12254538902001236
639,Tradefest,0,0.0,0,0,1.0,0,-0.06062991126489156,0.5090394429215493,0.10795342566679482,-0.1921844499852816
640,TrainMe,0,6779.661016949152,0,0,3.0,0,0.002140747412091854,1.160341650851454,0.38021196232710625,-0.2830924787935238
641,TRANSPOLIS,0,0.0,0,0,2.0,0,-0.16793496546377798,-0.11765145771904596,-0.1264096425122322,-0.13384439444810253
643,Unaide,0,185714.2857142857,0,0,1.0,0,-0.1783193304248831,0.01848100371929585,-0.10529190200094798,-0.15769034644436317
644,Uneole,0,0.0,0,0,1.0,0,-0.16793496546377798,-0.11765145771904596,-0.1264096425122322,-0.13384439444810253
645,Utip,0,107142.85714285714,0,0,2.0,0,-0.1675637539716954,-0.1067368080072769,-0.12731934243492332,-0.12306983178586862
646,VigiZen,0,38994.8,0,0,3.0,0,-0.16793496546377798,-0.11765145771904596,-0.1264096425122322,-0.13384439444810253
647,ViJump,0,0.0,0,0,1.0,0,-0.16793496546377798,-0.11765145771904596,-0.1264096425122322,-0.13384439444810253
648,V-Motech,0,89743.58974358975,0,0,2.0,0,-0.0764128505630591,-0.010979349826895454,-0.08703175790320723,-0.13041713920006653
649,Ween,0,163636.36363636365,0,0,2.0,0,0.9905915714337292,-0.21425317103886524,-0.2683959826814267,-0.22399874022745414
650,WeeSurf,0,50000.0,0,0,1.0,0,-0.16530961236641095,0.5256259194779473,-0.03086759433849587,-0.1771726573361891
651,WeNow,0,185714.2857142857,0,0,1.0,0,1.522920329634356,-0.24828130925740907,-0.6359243516110004,0.5158056151040548
652,wezzoo,0,295454.5,0,0,1.0,0,-0.13587703343577678,0.46052056421738474,-0.04116067976147937,-0.1589881420532083
653,Wipoz!,0,0.0,0,0,1.0,0,-0.16793496546377798,-0.11765145771904596,-0.1264096425122322,-0.13384439444810253
654,Yogosha,0,110520.96551724138,1,1,2.0,0,0.0500597956943915,0.6818525203486877,-0.17655712296238013,0.7299773878199138
655,Yoopies,0,21649.484536082473,0,0,3.0,0,0.04518409859649419,1.3692941204396405,0.33738794480462103,-0.3023662558897262
656,Youmiam,0,169421.45454545456,0,0,2.0,0,-0.10352337525113613,0.9390261532035727,0.20841636410988482,-0.24695587237274672
657,YouPass,0,281818.1818181818,0,0,2.0,0,-0.1690053474718916,-0.1166796686422466,-0.11392841660507601,-0.1343047137103131
658,Zenly,0,555342.8947368421,1,1,3.0,0,-0.16296073324605875,0.6155957584275534,-0.07862215376925336,-0.014823133024282448
659,Ze-Watt,0,76923.07692307692,0,0,2.0,0,1.4149009152415555,-0.3149506312726019,-0.43042973990280803,-0.4035447831162979
660,Zouzoucar,0,0.0,0,0,1.0,0,-0.16793496546377798,-0.11765145771904596,-0.1264096425122322,-0.13384439444810253
661,365Talents,0,62500.0,0,0,2.0,0,0.059360277582366734,1.3517769947889111,0.34226401601409395,0.026226371860180266
662,4D-Virtualiz,0,0.0,0,0,2.0,0,-0.16793496546377798,-0.11765145771904596,-0.1264096425122322,-0.13384439444810253
663,Abeeway,0,0.0,0,0,2.0,0,-0.07069900738944977,0.13288704003795135,-0.15290035122949006,0.12740664310332583
664,Acute3D,0,38994.8,0,0,2.0,0,-0.12714547368356494,-0.024751352718303147,-0.11054014470623634,-0.11143005635968439
665,Addbike,0,50000.0,0,0,2.0,0,1.23360390951085,-0.2477419820173583,-0.3836918855173769,-0.4251321733585305
666,Addbike,0,50000.0,0,0,2.0,0,1.23360390951085,-0.2477419820173583,-0.3836918855173769,-0.4251321733585305
667,AGV Discovery,0,38994.8,0,0,3.0,0,-0.050497606721943825,-0.4039790539590294,0.6136431094459781,0.06949516621108137
668,AIDODYS,0,0.0,0,0,1.0,0,-0.05572676178457808,-0.05714936804579372,-0.3939065308830036,0.7213311597272006
669,Ainolabs,0,38994.8,0,0,2.0,0,-0.16793496546377798,-0.11765145771904596,-0.1264096425122322,-0.13384439444810253
670,Quattrocento,0,0.0,0,0,2.0,0,-0.16793496546377798,-0.11765145771904596,-0.1264096425122322,-0.13384439444810253
671,Ambientic,0,0.0,0,0,1.0,0,-0.16793496546377798,-0.11765145771904596,-0.1264096425122322,-0.13384439444810253
672,Anaquant,0,20000.0,0,0,1.0,0,-0.05762729435877634,-0.4535290226143409,0.7640595904074461,0.1084775760827759
673,ANTOFENOL,0,604493.1818181818,0,0,2.0,0,0.7025894913420762,-0.5538914639614583,0.6358467222036287,0.0008836591465406591
674,Antsway,0,33333.333333333336,0,0,2.0,0,-0.1616994392692532,-0.07542017803232123,-0.12983501789868473,-0.16962144473891075
675,Appie,0,0.0,0,0,2.0,0,-0.16921285172923078,-0.11855648970716443,-0.12760323168708798,-0.135490967086612
676,Aqsitania,0,0.0,0,0,1.0,0,-0.16793496546377798,-0.11765145771904596,-0.1264096425122322,-0.13384439444810253
677,Artefact,0,0.0,0,0,3.0,0,-0.17078033585610738,-0.054318524879532704,-0.12426826580363999,-0.14748006634722668
678,ATAWEY,0,38994.8,0,0,1.0,0,1.2962768269707154,-0.2903944700236034,-0.3596191247500143,-0.4059259788821302
679,ATLANGRAM,0,0.0,0,0,1.0,0,-0.12825125869880252,-0.10109703984798768,-0.0822069784584096,-0.14275742089390592
682,Axellience,0,0.0,0,0,1.0,0,-0.06062991126489156,0.5090394429215493,0.10795342566679482,-0.1921844499852816
683,Azameo,0,62500.0,1,1,2.0,0,0.009714473983809703,1.1011432238254897,0.3087401574267442,-0.2332036499281366
684,BeamPulse,0,38994.8,0,0,3.0,0,-0.12825125869880252,-0.10109703984798768,-0.0822069784584096,-0.14275742089390592
686,Billee,0,0.0,0,0,1.0,0,-0.0723713908971699,0.6391038691778106,0.1148294690575874,-0.14380685572569654
687,Billee,0,0.0,0,0,1.0,0,-0.0723713908971699,0.6391038691778106,0.1148294690575874,-0.14380685572569654
688,Bioentech,0,90000.0,0,0,1.0,0,-0.10902530238004444,0.13468158426429108,-0.11661483476904999,0.21644696847175032
689,Biopic,0,38994.8,0,0,1.0,0,-0.12995623608237666,-0.015044815610597905,-0.13173083949454933,0.03596692146584276
690,Biosciencia,0,0.0,0,0,1.0,0,-0.16793496546377798,-0.11765145771904596,-0.1264096425122322,-0.13384439444810253
691,B°Ker,0,0.0,0,0,1.0,0,-0.16793496546377798,-0.11765145771904596,-0.1264096425122322,-0.13384439444810253
692,BOREA,0,0.0,0,0,2.0,0,-0.16793496546377798,-0.11765145771904596,-0.1264096425122322,-0.13384439444810253
693,Calnesis,0,0.0,0,0,1.0,0,-0.16793496546377798,-0.11765145771904596,-0.1264096425122322,-0.13384439444810253
695,Carbios,0,217647.0588235294,1,1,2.0,0,0.6097260197295217,-0.23184760465647172,-0.1947035281481517,-0.2049770478088154
696,Carbios,0,217647.0588235294,1,1,2.0,0,0.6097260197295217,-0.23184760465647172,-0.1947035281481517,-0.2049770478088154
698,Catopsys,0,38994.8,0,0,1.0,0,-0.16793496546377798,-0.11765145771904596,-0.1264096425122322,-0.13384439444810253
699,CILcare,0,0.0,0,0,2.0,0,-0.16178995169046367,-0.12366586892444037,-0.12972924292014593,-0.14210155623871817
700,Citodi,0,0.0,0,0,1.0,0,-0.16793496546377798,-0.11765145771904596,-0.1264096425122322,-0.13384439444810253
701,Click & Boat,0,58163.26530612245,0,0,3.0,0,-0.14725018003664012,-0.003502395771927999,-0.1436883243705262,-0.1400987699050094
702,Cryptosense,1,70000.0,0,0,1.0,0,-0.15799256881460946,-0.04328739659519404,-0.11783439414168938,-0.1282005647926748
703,Cryptosense,1,70000.0,0,0,1.0,0,-0.15799256881460946,-0.04328739659519404,-0.11783439414168938,-0.1282005647926748
704,Dejamobile,0,60975.60975609756,0,0,2.0,0,-0.09850306427562447,0.16399030862238817,-0.4792698193054333,0.9722020307769998
705,Dejamobile,0,60975.60975609756,0,0,2.0,0,-0.09850306427562447,0.16399030862238817,-0.4792698193054333,0.9722020307769998
706,DELTALYS,0,0.0,0,0,1.0,0,-0.16793496546377798,-0.11765145771904596,-0.1264096425122322,-0.13384439444810253
707,DELTALYS,0,0.0,0,0,1.0,0,-0.16793496546377798,-0.11765145771904596,-0.1264096425122322,-0.13384439444810253
708,DSInstruments,0,160869.52173913043,0,0,2.0,0,-0.1713948471277932,-0.0817825127342748,-0.14120268046143364,-0.08269908784789273
709,Dictanova,0,109090.90909090909,0,0,2.0,0,-0.039768600262997014,0.7744908329926983,0.12288202802008764,-0.03334259707621464
710,DigiFood,0,19230.76923076923,0,0,2.0,0,-0.18805774262176794,0.07425223635858857,-0.12983583668326082,-0.16707974134230694
711,DiVA-Cloud,0,0.0,0,0,1.0,0,-0.0929905165604768,0.4498991985074104,0.08549869903336339,-0.21100402167547722
712,Domoscio,0,43846.153846153844,0,0,2.0,0,-0.03640359534869145,0.1003460610239559,-0.39184450293079703,0.9527580622819821
713,Doptim,0,0.0,0,0,1.0,0,-0.05572676178457808,-0.05714936804579372,-0.3939065308830036,0.7213311597272006
714,E-Attract,0,110795.375,0,0,1.0,0,-0.12464254024269959,0.041895150468605424,-0.14854834738144632,-0.11985034697105115
715,Eazylang,0,38994.8,0,0,1.0,0,-0.16793496546377798,-0.11765145771904596,-0.1264096425122322,-0.13384439444810253
716,Eazylang,0,38994.8,0,0,1.0,0,-0.16793496546377798,-0.11765145771904596,-0.1264096425122322,-0.13384439444810253
717,EikoSim,0,0.0,0,0,1.0,0,-0.1293918927384048,-0.11477667924878202,-0.058660455749377755,-0.12910800707218056
718,Ekinnox,0,77777.77777777778,0,0,1.0,0,-0.16793496546377798,-0.11765145771904596,-0.1264096425122322,-0.13384439444810253
719,Ema,0,1923.076923076923,0,0,2.0,0,-0.16817624364041828,-0.05334596961247576,-0.11528839310176335,-0.10977237263331728
720,Emersya,0,0.0,0,0,2.0,0,-0.04738972342695934,0.677557445833618,0.14375397228328968,-0.052632878506562515
721,EMOSIS,0,111666.66666666667,0,0,2.0,0,-0.12455074087936534,-0.08536840119207643,-0.06964638438350089,-0.14050730125469843
722,Enovasense,0,0.0,0,0,1.0,0,-0.16793496546377798,-0.11765145771904596,-0.1264096425122322,-0.13384439444810253
723,E-ophtalmo,0,0.0,0,0,1.0,0,-0.16793496546377798,-0.11765145771904596,-0.1264096425122322,-0.13384439444810253
724,E-SIMS,0,0.0,0,0,1.0,0,-0.16793496546377798,-0.11765145771904596,-0.1264096425122322,-0.13384439444810253
725,Everblix,0,0.0,0,0,1.0,0,-0.16793496546377798,-0.11765145771904596,-0.1264096425122322,-0.13384439444810253
726,Excambia,0,0.0,0,0,1.0,0,-0.1807069210289505,0.04178211148572446,-0.06214293121391908,-0.156236801175079
727,Expertisens,0,38994.8,0,0,3.0,0,-0.16793496546377798,-0.11765145771904596,-0.1264096425122322,-0.13384439444810253
729,Fasteesh,0,0.0,0,0,1.0,0,-0.16793496546377798,-0.11765145771904596,-0.1264096425122322,-0.13384439444810253
730,FASTLITE,0,30476.190476190477,0,0,2.0,0,-0.16793496546377798,-0.11765145771904596,-0.1264096425122322,-0.13384439444810253
731,Finoptim,0,216666.66666666666,0,0,1.0,0,-0.17201337231932226,-0.11325507595413378,-0.12862217687067945,-0.14258392881799872
732,Finoptim,0,216666.66666666666,0,0,1.0,0,-0.17201337231932226,-0.11325507595413378,-0.12862217687067945,-0.14258392881799872
734,Gema,0,0.0,0,0,1.0,0,-0.16116105464871275,-0.11907921888173804,-0.12816115094185165,-0.13879530225398157
735,Greenleaf,0,38994.8,0,0,1.0,0,-0.16793496546377798,-0.11765145771904596,-0.1264096425122322,-0.13384439444810253
736,Holdies,0,0.0,0,0,1.0,0,-0.16793496546377798,-0.11765145771904596,-0.1264096425122322,-0.13384439444810253
737,Hublex,0,0.0,0,0,1.0,0,-0.08247916746303635,-0.08395210076685122,-0.16413191291327486,-0.17436706848608982
738,Icohup,0,29166.666666666668,0,0,2.0,0,-0.03491054730026949,-0.041943680727091606,-0.1116418803709061,0.1334326797782206
739,Iconem,0,0.0,0,0,2.0,0,-0.16922593886597834,-0.11227123143092575,-0.14218879253916608,-0.13443298994917183
740,Imageens,0,0.0,0,0,1.0,0,-0.051319551601790206,0.4841963262466024,0.1709932265900221,-0.1399042966652126
741,IQspot,0,64285.71428571428,0,0,2.0,0,0.004745740176349746,0.49856840117843887,0.0354214233377503,-0.02057635113056635
742,Jobtruster,0,0.0,0,0,1.0,0,0.021119179753078532,1.0304738344747641,0.3109507777988872,-0.24330051325491092
743,Kalyzee,0,38994.8,0,0,1.0,0,-0.16793496546377798,-0.11765145771904596,-0.1264096425122322,-0.13384439444810253
744,KeeeX,0,0.0,0,0,1.0,0,0.031617395701435305,-0.0325209804770008,-0.3606356823764434,0.7380506001308503
745,Kidsplanner,0,66666.66666666667,0,0,1.0,0,-0.17583756026269864,-0.11974096055663565,-0.13485443531792488,-0.12543644673874255
746,Koober,0,0.0,0,0,3.0,0,-0.06867799842371462,0.08688744704317118,-0.39691598998665995,0.7100437329449117
747,K-Ryole,0,1785.7142857142858,0,0,2.0,0,0.8014137731238925,-0.1800341608466512,-0.5112302328463642,0.673610602385937
748,K-Ryole,0,1785.7142857142858,0,0,2.0,0,0.8014137731238925,-0.1800341608466512,-0.5112302328463642,0.673610602385937
749,Led's Chat,0,0.0,0,0,1.0,0,-0.16793496546377798,-0.11765145771904596,-0.1264096425122322,-0.13384439444810253
750,Lixoft,0,38994.8,0,0,3.0,0,-0.17819683059989444,-0.1517367640576404,-0.04048542014404065,-0.11025669350773594
751,Luxeram,0,0.0,0,0,1.0,0,-0.16793496546377798,-0.11765145771904596,-0.1264096425122322,-0.13384439444810253
752,Makitoo,0,225000.0,0,0,1.0,0,-0.09004282277800632,0.17809612971723493,-0.13682910270276705,0.13986211385090622
753,Malkyrs,0,144444.44444444444,0,0,1.0,0,-0.17052600157752723,-0.11163569490572854,-0.12903664543754134,-0.11983523515273359
754,Mars: Hello,0,75000.0,0,0,1.0,0,-0.16853087292404684,-0.02627264125293195,-0.10748028082050293,-0.14853408213971517
756,Mediego,0,85714.28571428571,0,0,1.0,0,0.015548721806063282,1.0964117763144947,0.3215949233007709,-0.2619863873029997
757,Meiogenix,0,400000.0,0,0,1.0,0,-0.025978684524899084,-0.4362642263506848,0.883687154101937,0.11085995942432658
758,MetaDesk,0,0.0,0,0,1.0,0,0.021119179753078532,1.0304738344747641,0.3109507777988872,-0.24330051325491092
759,MetaDesk,0,0.0,0,0,1.0,0,0.021119179753078532,1.0304738344747641,0.3109507777988872,-0.24330051325491092
760,METRIXWARE,0,0.0,0,0,2.0,0,-0.14828449948121322,-0.06766107794259604,-0.09222089364331204,-0.1364548350545674
761,MFG Labs,0,0.0,0,0,2.0,0,-0.10449567662015521,0.7105084532994653,0.09838946001085767,-0.16400428518407026
762,Moon,0,30303.0,0,0,1.0,0,-0.16793496546377798,-0.11765145771904596,-0.1264096425122322,-0.13384439444810253
763,MoovLab,0,76666.33333333333,0,0,1.0,0,-0.10714666028368133,-0.01864398472167641,-0.175692117110265,-0.07413437626467628
764,Payname,0,38994.8,0,0,1.0,0,-0.16793496546377798,-0.11765145771904596,-0.1264096425122322,-0.13384439444810253
765,MOVIN'SMART,0,0.0,0,0,1.0,0,-0.16793496546377798,-0.11765145771904596,-0.1264096425122322,-0.13384439444810253
766,MuseoPic,0,0.0,0,0,1.0,0,-0.12509081577259692,-0.046367191943557665,-0.14956088943402726,-0.10584783717788229
767,Myakiatto,0,0.0,0,0,1.0,0,-0.12825125869880252,-0.10109703984798768,-0.0822069784584096,-0.14275742089390592
768,MyFeelBack,0,43887.137931034486,0,0,2.0,0,-0.061197107815656245,0.6033882263569853,0.05498760902515341,-0.012506700436343396
769,Myrissi,0,0.0,0,0,1.0,0,-0.05572676178457808,-0.05714936804579372,-0.3939065308830036,0.7213311597272006
770,Nanolike,0,162500.0,0,0,2.0,0,0.7484976322182173,-0.035489185603838715,-0.2589745932162637,0.003037659234867457
771,NaturalPad,0,45454.42857142857,0,0,1.0,0,-0.15452890928689594,-0.1316136139297972,-0.07759436390452568,-0.09723844207055443
772,Neop,0,0.0,0,0,1.0,0,-0.16793496546377798,-0.11765145771904596,-0.1264096425122322,-0.13384439444810253
773,Neop,0,0.0,0,0,1.0,0,-0.16793496546377798,-0.11765145771904596,-0.1264096425122322,-0.13384439444810253
774,NeoSensys,0,0.0,0,0,1.0,0,-0.18981752876163246,-0.013116584607988464,-0.16861467736802685,-0.016884426311524627
775,Nexdot,0,76086.95652173914,0,0,2.0,0,-0.17265177686595914,-0.11416631447080636,-0.1464231524491419,-0.13696321331578123
777,Odesyo SAS,0,0.0,0,0,2.0,0,-0.17721802116092933,-0.11708644873463202,-0.12504041843652888,-0.13463419215202632
779,Optimiz.Me,0,108333.33333333333,0,0,2.0,0,-0.07359000536438563,0.4391351004605895,0.07455698310442518,-0.20242077119919324
780,apidaze.io,0,38994.8,0,0,2.0,0,-0.16793496546377798,-0.11765145771904596,-0.1264096425122322,-0.13384439444810253
782,Physio-Assist,0,461538.46153846156,0,0,2.0,0,-0.15111457034824186,-0.18680580213178669,-0.023770469962025375,-0.06051762213341774
783,Pigmazur.fr,0,0.0,0,0,1.0,0,-0.16793496546377798,-0.11765145771904596,-0.1264096425122322,-0.13384439444810253
784,Piwio,0,0.0,0,0,1.0,0,-0.16302108499607043,-0.12461713688545897,-0.13095415905715496,-0.14384899440747684
785,Planktovie,0,12500.0,0,0,1.0,0,-0.15161890434881353,-0.12410376968919748,-0.12369588240961861,-0.13683832374796598
786,Quantia,0,465909.0833333333,0,0,2.0,0,0.003925920741139082,1.254719212034105,0.3970243139032933,-0.2746149819268292
787,QuickDo,0,0.0,0,0,1.0,0,-0.16793496546377798,-0.11765145771904596,-0.1264096425122322,-0.13384439444810253
789,Rarecells Diagnostics SAS,0,15000.0,0,0,2.0,0,-0.16793496546377798,-0.11765145771904596,-0.1264096425122322,-0.13384439444810253
790,RHEONOVA,0,38994.8,0,0,2.0,0,-0.1227277658445266,-0.13989946848624335,-0.09600454215192787,-0.15186571979056449
791,Samesame,0,0.0,0,0,1.0,0,-0.16793496546377798,-0.11765145771904596,-0.1264096425122322,-0.13384439444810253
792,Sancare,0,111111.11111111111,0,0,2.0,0,-0.16793496546377798,-0.11765145771904596,-0.1264096425122322,-0.13384439444810253
793,SAPOVAL,0,0.0,0,0,2.0,0,-0.16793496546377798,-0.11765145771904596,-0.1264096425122322,-0.13384439444810253
794,Alg & You,0,37333.333333333336,0,0,2.0,0,-0.1713242038398763,-0.11220962300450735,-0.12685623880539584,-0.14029356010444086
795,Unitag,0,19834.636363636364,0,0,2.0,0,-0.10031783800984266,-0.004099905913028067,-0.1445898183357803,-0.04670664785321416
796,Scool,0,0.0,1,1,3.0,0,0.037841138771520365,1.433584333818045,0.3824609533146863,-0.3197447915396203
797,Scorelab,0,0.0,0,0,1.0,0,-0.12902719194243673,0.03818618788394858,-0.08029620856074156,-0.09402380213029313
798,Semiotime,0,38994.8,0,0,3.0,0,-0.16793496546377798,-0.11765145771904596,-0.1264096425122322,-0.13384439444810253
799,Sensostat,0,0.0,0,0,1.0,0,-0.12825125869880252,-0.10109703984798768,-0.0822069784584096,-0.14275742089390592
800,SHORTOUCH,0,75000.0,0,0,1.0,0,-0.12800822323401512,0.23083022383268187,-0.07787614533919698,-0.1472862920301293
801,SIGNACTIF,0,0.0,0,0,1.0,0,-0.05572676178457808,-0.05714936804579372,-0.3939065308830036,0.7213311597272006
802,LaBRI,0,38994.8,0,0,4.0,0,-0.16793496546377798,-0.11765145771904596,-0.1264096425122322,-0.13384439444810253
803,Situ8ed,0,0.0,0,0,1.0,0,-0.1721104998504663,-0.07489579459806898,-0.1260090171507354,-0.12306444240355714
804,SKWAZEL,0,0.0,0,0,1.0,0,-0.16793496546377798,-0.11765145771904596,-0.1264096425122322,-0.13384439444810253
805,SOFTCORNER,0,8333.333333333334,0,0,1.0,0,-0.15997189076726565,-0.0455108998522884,-0.10476488642091189,-0.13259439642399534
806,Sol gel way,0,38994.8,0,0,1.0,0,-0.16178995169046367,-0.12366586892444037,-0.12972924292014593,-0.14210155623871817
807,Springeo,0,38994.8,0,0,3.0,0,-0.16793496546377798,-0.11765145771904596,-0.1264096425122322,-0.13384439444810253
808,Stimergy,0,275000.0,0,0,1.0,0,-0.13343262480378634,-0.050761653960787384,-0.13603744195353418,-0.11640861546252301
809,Swikly,0,100000.0,0,0,2.0,0,-0.18285903547065108,-0.1028931310479248,-0.13079176852457683,-0.09987738223852594
811,Synectique,0,0.0,0,0,1.0,0,-0.16793496546377798,-0.11765145771904596,-0.1264096425122322,-0.13384439444810253
812,Telegrafik,0,125000.0,0,0,2.0,0,0.10482956529689799,1.210441960456424,0.30420943188942384,-0.041271024223015464
813,Tenevia,0,0.0,0,0,1.0,0,1.402651095100743,-0.3122352979071181,-0.36164486536113,-0.35668162534586173
814,TerrOiko,0,0.0,0,0,1.0,0,-0.16921285172923076,-0.11855648970716443,-0.12760323168708798,-0.13549096708661165
817,TRAXXS,0,0.0,0,0,2.0,0,-0.16793496546377798,-0.11765145771904596,-0.1264096425122322,-0.13384439444810253
818,Tumbup,0,38994.8,0,0,1.0,0,-0.16793496546377798,-0.11765145771904596,-0.1264096425122322,-0.13384439444810253
819,Ubikey,0,0.0,0,0,1.0,0,-0.16793496546377798,-0.11765145771904596,-0.1264096425122322,-0.13384439444810253
821,Vaiomer,0,0.0,0,0,2.0,0,-0.16793496546377798,-0.11765145771904596,-0.1264096425122322,-0.13384439444810253
822,Vaonis,0,100000.0,0,0,2.0,0,-0.01836557123588459,0.3267589619241222,-0.4190201438361923,0.7771879883366197
823,Vesta System,0,0.0,0,0,1.0,0,-0.16793496546377798,-0.11765145771904596,-0.1264096425122322,-0.13384439444810253
824,Wecover,0,166666.66666666666,0,0,1.0,0,-0.15949778871314554,-0.1139528075010199,-0.1264125692032386,-0.11643624308886973
825,WeGoTo,0,0.0,0,0,1.0,0,-0.16793496546377798,-0.11765145771904596,-0.1264096425122322,-0.13384439444810253
826,Wever,0,0.0,0,0,1.0,0,-0.14984356000499188,0.12471404385832903,-0.13610537302989537,-0.1841274523945211
827,Whoomies,0,38994.8,0,0,1.0,0,-0.19127056706401963,0.1625178188082608,-0.10830136110460434,-0.16897777322665228
828,WideSens,0,38994.8,0,0,3.0,0,-0.16793496546377798,-0.11765145771904596,-0.1264096425122322,-0.13384439444810253
829,WISEBATT,0,76923.07692307692,0,0,2.0,0,0.04593760908384091,0.7050948354681033,0.08598931696572835,-0.07657778607185825
830,Yousign,0,85937.5,0,0,3.0,0,-0.1682160064864248,-0.06630666393310755,-0.11299457509401287,-0.15790876623354086
831,Ythera,0,0.0,0,0,1.0,0,-0.16921285172923076,-0.11855648970716441,-0.12760323168708795,-0.1354909670866118
